name,cluster,x,y,frame,second,neutral,positive,negative
/media/jahaziel/Datos/proyectos/Smarketing/dataset/YouTubeVideos/Ding_Doesn't_Know_Chinese?/frames/second0_frame14.jpg,2,-0.39267895,3.8268669,14,0,0.7757806777954102,0.20984937250614166,0.014369911514222622
/media/jahaziel/Datos/proyectos/Smarketing/dataset/YouTubeVideos/Ding_Doesn't_Know_Chinese?/frames/second0_frame21.jpg,2,-0.40150654,3.8009965,21,0,0.7743409872055054,0.21249079704284668,0.01316817756742239
/media/jahaziel/Datos/proyectos/Smarketing/dataset/YouTubeVideos/Ding_Doesn't_Know_Chinese?/frames/second0_frame29.jpg,2,-0.41458735,3.7685144,29,0,0.776226818561554,0.21148088574409485,0.012292254716157913
/media/jahaziel/Datos/proyectos/Smarketing/dataset/YouTubeVideos/Ding_Doesn't_Know_Chinese?/frames/second0_frame7.jpg,2,-0.3727776,3.881998,7,0,0.6529502272605896,0.3290512263774872,0.017998555675148964
/media/jahaziel/Datos/proyectos/Smarketing/dataset/YouTubeVideos/Ding_Doesn't_Know_Chinese?/frames/second100_frame3007.jpg,-1,5.8078756,-1.033023,3007,100,0.7287949323654175,0.17333458364009857,0.09787045419216156
/media/jahaziel/Datos/proyectos/Smarketing/dataset/YouTubeVideos/Ding_Doesn't_Know_Chinese?/frames/second100_frame3014.jpg,-1,5.81757,-1.0230361,3014,100,0.7287949323654175,0.17333458364009857,0.09787045419216156
/media/jahaziel/Datos/proyectos/Smarketing/dataset/YouTubeVideos/Ding_Doesn't_Know_Chinese?/frames/second100_frame3021.jpg,-1,5.845397,-0.9896201,3021,100,0.7287949323654175,0.17333458364009857,0.09787045419216156
/media/jahaziel/Datos/proyectos/Smarketing/dataset/YouTubeVideos/Ding_Doesn't_Know_Chinese?/frames/second100_frame3029.jpg,-1,5.7672124,-1.075956,3029,100,0.7287949323654175,0.17333458364009857,0.09787045419216156
/media/jahaziel/Datos/proyectos/Smarketing/dataset/YouTubeVideos/Ding_Doesn't_Know_Chinese?/frames/second101_frame3037.jpg,-1,5.652937,-1.19288,3037,101,0.7287949323654175,0.17333458364009857,0.09787045419216156
/media/jahaziel/Datos/proyectos/Smarketing/dataset/YouTubeVideos/Ding_Doesn't_Know_Chinese?/frames/second101_frame3044.jpg,-1,5.603923,-1.2401941,3044,101,0.7287949323654175,0.17333458364009857,0.09787045419216156
/media/jahaziel/Datos/proyectos/Smarketing/dataset/YouTubeVideos/Ding_Doesn't_Know_Chinese?/frames/second101_frame3051.jpg,-1,5.6193333,-1.2270559,3051,101,0.7287949323654175,0.17333458364009857,0.09787045419216156
/media/jahaziel/Datos/proyectos/Smarketing/dataset/YouTubeVideos/Ding_Doesn't_Know_Chinese?/frames/second101_frame3059.jpg,-1,5.584366,-1.2632471,3059,101,0.7287949323654175,0.17333458364009857,0.09787045419216156
/media/jahaziel/Datos/proyectos/Smarketing/dataset/YouTubeVideos/Ding_Doesn't_Know_Chinese?/frames/second102_frame3067.jpg,-1,5.741313,-1.1031371,3067,102,0.7287949323654175,0.17333458364009857,0.09787045419216156
/media/jahaziel/Datos/proyectos/Smarketing/dataset/YouTubeVideos/Ding_Doesn't_Know_Chinese?/frames/second102_frame3074.jpg,-1,5.695789,-1.1495118,3074,102,0.7287949323654175,0.17333458364009857,0.09787045419216156
/media/jahaziel/Datos/proyectos/Smarketing/dataset/YouTubeVideos/Ding_Doesn't_Know_Chinese?/frames/second102_frame3081.jpg,-1,5.7512155,-1.0935224,3081,102,0.7287949323654175,0.17333458364009857,0.09787045419216156
/media/jahaziel/Datos/proyectos/Smarketing/dataset/YouTubeVideos/Ding_Doesn't_Know_Chinese?/frames/second102_frame3089.jpg,-1,5.6486926,-1.1974323,3089,102,0.7287949323654175,0.17333458364009857,0.09787045419216156
/media/jahaziel/Datos/proyectos/Smarketing/dataset/YouTubeVideos/Ding_Doesn't_Know_Chinese?/frames/second103_frame3097.jpg,-1,5.610794,-1.2367084,3097,103,0.7287949323654175,0.17333458364009857,0.09787045419216156
/media/jahaziel/Datos/proyectos/Smarketing/dataset/YouTubeVideos/Ding_Doesn't_Know_Chinese?/frames/second103_frame3104.jpg,-1,5.616419,-1.2316693,3104,103,0.7287949323654175,0.17333458364009857,0.09787045419216156
/media/jahaziel/Datos/proyectos/Smarketing/dataset/YouTubeVideos/Ding_Doesn't_Know_Chinese?/frames/second10_frame307.jpg,3,2.5162575,0.55674654,307,10,0.7223467230796814,0.2687433063983917,0.008909988217055798
/media/jahaziel/Datos/proyectos/Smarketing/dataset/YouTubeVideos/Ding_Doesn't_Know_Chinese?/frames/second10_frame314.jpg,3,2.4806066,0.6330195,314,10,0.6661943793296814,0.320202499628067,0.013603214174509048
/media/jahaziel/Datos/proyectos/Smarketing/dataset/YouTubeVideos/Ding_Doesn't_Know_Chinese?/frames/second10_frame321.jpg,3,2.5368392,0.56746256,321,10,0.6698148250579834,0.3153744637966156,0.01481070276349783
/media/jahaziel/Datos/proyectos/Smarketing/dataset/YouTubeVideos/Ding_Doesn't_Know_Chinese?/frames/second10_frame329.jpg,3,2.5617,0.583324,329,10,0.5689773559570312,0.4171828329563141,0.013839862309396267
/media/jahaziel/Datos/proyectos/Smarketing/dataset/YouTubeVideos/Ding_Doesn't_Know_Chinese?/frames/second11_frame337.jpg,3,2.4886246,0.4969726,337,11,0.6565824747085571,0.2439223974943161,0.09949509054422379
/media/jahaziel/Datos/proyectos/Smarketing/dataset/YouTubeVideos/Ding_Doesn't_Know_Chinese?/frames/second11_frame344.jpg,3,2.4616733,0.52760667,344,11,0.7363825440406799,0.20189258456230164,0.06172485649585724
/media/jahaziel/Datos/proyectos/Smarketing/dataset/YouTubeVideos/Ding_Doesn't_Know_Chinese?/frames/second11_frame351.jpg,3,2.4635687,0.5045517,351,11,0.6485286951065063,0.26145467162132263,0.09001658111810684
/media/jahaziel/Datos/proyectos/Smarketing/dataset/YouTubeVideos/Ding_Doesn't_Know_Chinese?/frames/second11_frame359.jpg,3,2.4845266,0.49757665,359,11,0.6366997957229614,0.30484989285469055,0.058450233191251755
/media/jahaziel/Datos/proyectos/Smarketing/dataset/YouTubeVideos/Ding_Doesn't_Know_Chinese?/frames/second12_frame367.jpg,3,2.529094,0.4055244,367,12,0.48155948519706726,0.5020241141319275,0.016416417434811592
/media/jahaziel/Datos/proyectos/Smarketing/dataset/YouTubeVideos/Ding_Doesn't_Know_Chinese?/frames/second12_frame374.jpg,3,2.5260756,0.35521075,374,12,0.47669702768325806,0.5075265169143677,0.015776442363858223
/media/jahaziel/Datos/proyectos/Smarketing/dataset/YouTubeVideos/Ding_Doesn't_Know_Chinese?/frames/second12_frame381.jpg,3,2.5240204,0.41625598,381,12,0.49929124116897583,0.48659342527389526,0.014115285128355026
/media/jahaziel/Datos/proyectos/Smarketing/dataset/YouTubeVideos/Ding_Doesn't_Know_Chinese?/frames/second12_frame389.jpg,3,2.533477,0.3977681,389,12,0.5023838877677917,0.4827684760093689,0.014847571030259132
/media/jahaziel/Datos/proyectos/Smarketing/dataset/YouTubeVideos/Ding_Doesn't_Know_Chinese?/frames/second4_frame134.jpg,2,-1.0392437,2.6586714,134,4,0.7794808149337769,0.20969121158123016,0.010827995836734772
/media/jahaziel/Datos/proyectos/Smarketing/dataset/YouTubeVideos/Ding_Doesn't_Know_Chinese?/frames/second4_frame141.jpg,2,-1.0769024,2.663779,141,4,0.7669246196746826,0.22251196205615997,0.010563391260802746
/media/jahaziel/Datos/proyectos/Smarketing/dataset/YouTubeVideos/Ding_Doesn't_Know_Chinese?/frames/second4_frame149.jpg,2,-1.0509952,2.6510553,149,4,0.7716900706291199,0.21680375933647156,0.01150614395737648
/media/jahaziel/Datos/proyectos/Smarketing/dataset/YouTubeVideos/Ding_Doesn't_Know_Chinese?/frames/second50_frame1507.jpg,4,14.531489,6.768623,1507,50,0.6511550545692444,0.3423958420753479,0.006449168082326651
/media/jahaziel/Datos/proyectos/Smarketing/dataset/YouTubeVideos/Ding_Doesn't_Know_Chinese?/frames/second50_frame1514.jpg,4,14.572033,6.7848096,1514,50,0.6945074200630188,0.3002341389656067,0.005258474964648485
/media/jahaziel/Datos/proyectos/Smarketing/dataset/YouTubeVideos/Ding_Doesn't_Know_Chinese?/frames/second50_frame1521.jpg,4,14.5439005,6.762201,1521,50,0.665992796421051,0.3292950391769409,0.004712217021733522
/media/jahaziel/Datos/proyectos/Smarketing/dataset/YouTubeVideos/Ding_Doesn't_Know_Chinese?/frames/second50_frame1529.jpg,4,14.537892,6.7651954,1529,50,0.6338675022125244,0.3611757755279541,0.0049566845409572124
/media/jahaziel/Datos/proyectos/Smarketing/dataset/YouTubeVideos/Ding_Doesn't_Know_Chinese?/frames/second51_frame1537.jpg,4,14.758073,6.778576,1537,51,0.6369253993034363,0.35807961225509644,0.004994933493435383
/media/jahaziel/Datos/proyectos/Smarketing/dataset/YouTubeVideos/Ding_Doesn't_Know_Chinese?/frames/second51_frame1544.jpg,4,14.810033,6.793882,1544,51,0.6872543692588806,0.3080975413322449,0.004648102447390556
/media/jahaziel/Datos/proyectos/Smarketing/dataset/YouTubeVideos/Ding_Doesn't_Know_Chinese?/frames/second51_frame1551.jpg,4,14.754363,6.7650185,1551,51,0.6975652575492859,0.29817700386047363,0.004257739055901766
/media/jahaziel/Datos/proyectos/Smarketing/dataset/YouTubeVideos/Ding_Doesn't_Know_Chinese?/frames/second51_frame1559.jpg,4,14.790265,6.790403,1559,51,0.696491003036499,0.29954105615615845,0.003967910539358854
/media/jahaziel/Datos/proyectos/Smarketing/dataset/YouTubeVideos/Ding_Doesn't_Know_Chinese?/frames/second52_frame1567.jpg,4,14.201579,6.5573106,1567,52,0.6978040337562561,0.29796403646469116,0.0042319269850850105
/media/jahaziel/Datos/proyectos/Smarketing/dataset/YouTubeVideos/Ding_Doesn't_Know_Chinese?/frames/second52_frame1574.jpg,4,14.134322,6.5482736,1574,52,0.7078333497047424,0.2877688705921173,0.00439781229943037
/media/jahaziel/Datos/proyectos/Smarketing/dataset/YouTubeVideos/Ding_Doesn't_Know_Chinese?/frames/second52_frame1581.jpg,4,14.221294,6.559527,1581,52,0.7169438600540161,0.2790093421936035,0.004046805668622255
/media/jahaziel/Datos/proyectos/Smarketing/dataset/YouTubeVideos/Ding_Doesn't_Know_Chinese?/frames/second52_frame1589.jpg,4,14.203388,6.5185285,1589,52,0.7658846974372864,0.23019243776798248,0.003922783769667149
/media/jahaziel/Datos/proyectos/Smarketing/dataset/YouTubeVideos/Ding_Doesn't_Know_Chinese?/frames/second13_frame404.jpg,-1,-6.1770577,-0.83342564,404,13,0.5043706297874451,0.4848015308380127,0.010827824473381042
/media/jahaziel/Datos/proyectos/Smarketing/dataset/YouTubeVideos/Ding_Doesn't_Know_Chinese?/frames/second13_frame411.jpg,-1,-6.1914153,-0.84774035,411,13,0.5055302381515503,0.48424336314201355,0.010226385667920113
/media/jahaziel/Datos/proyectos/Smarketing/dataset/YouTubeVideos/Ding_Doesn't_Know_Chinese?/frames/second13_frame419.jpg,-1,-6.2546487,-0.91108865,419,13,0.5265039205551147,0.4664788544178009,0.007017230615019798
/media/jahaziel/Datos/proyectos/Smarketing/dataset/YouTubeVideos/Ding_Doesn't_Know_Chinese?/frames/second14_frame427.jpg,-1,-6.0687437,-0.72485304,427,14,0.544934868812561,0.44814521074295044,0.006919930689036846
/media/jahaziel/Datos/proyectos/Smarketing/dataset/YouTubeVideos/Ding_Doesn't_Know_Chinese?/frames/second14_frame434.jpg,-1,-6.0778675,-0.73393923,434,14,0.5500656962394714,0.44283318519592285,0.007101108785718679
/media/jahaziel/Datos/proyectos/Smarketing/dataset/YouTubeVideos/Ding_Doesn't_Know_Chinese?/frames/second14_frame441.jpg,-1,-6.0737867,-0.7298812,441,14,0.5549883842468262,0.43829983472824097,0.006711767520755529
/media/jahaziel/Datos/proyectos/Smarketing/dataset/YouTubeVideos/Ding_Doesn't_Know_Chinese?/frames/second14_frame449.jpg,-1,-6.1167383,-0.7728805,449,14,0.5443088412284851,0.4479455053806305,0.00774561520665884
/media/jahaziel/Datos/proyectos/Smarketing/dataset/YouTubeVideos/Ding_Doesn't_Know_Chinese?/frames/second15_frame457.jpg,-1,-6.2503557,-0.90699476,457,15,0.5529766082763672,0.4392129182815552,0.007810492534190416
/media/jahaziel/Datos/proyectos/Smarketing/dataset/YouTubeVideos/Ding_Doesn't_Know_Chinese?/frames/second15_frame464.jpg,-1,-6.2569757,-0.91354746,464,15,0.5706056356430054,0.42194849252700806,0.007445926312357187
/media/jahaziel/Datos/proyectos/Smarketing/dataset/YouTubeVideos/Ding_Doesn't_Know_Chinese?/frames/second15_frame471.jpg,-1,-6.252046,-0.90850264,471,15,0.5739907622337341,0.418393611907959,0.007615658920258284
/media/jahaziel/Datos/proyectos/Smarketing/dataset/YouTubeVideos/Ding_Doesn't_Know_Chinese?/frames/second15_frame479.jpg,-1,-6.300281,-0.95694983,479,15,0.5246422290802002,0.46854305267333984,0.0068147447891533375
/media/jahaziel/Datos/proyectos/Smarketing/dataset/YouTubeVideos/Ding_Doesn't_Know_Chinese?/frames/second16_frame487.jpg,-1,-6.0753655,-0.73144794,487,16,0.44908154010772705,0.5443087816238403,0.006609650328755379
/media/jahaziel/Datos/proyectos/Smarketing/dataset/YouTubeVideos/Ding_Doesn't_Know_Chinese?/frames/second16_frame494.jpg,-1,-6.1100497,-0.76617277,494,16,0.4952017366886139,0.4984092712402344,0.006388999056071043
/media/jahaziel/Datos/proyectos/Smarketing/dataset/YouTubeVideos/Ding_Doesn't_Know_Chinese?/frames/second16_frame501.jpg,3,2.7927191,1.4312844,501,16,0.37743058800697327,0.6153789162635803,0.007190509233623743
/media/jahaziel/Datos/proyectos/Smarketing/dataset/YouTubeVideos/Ding_Doesn't_Know_Chinese?/frames/second16_frame509.jpg,3,2.677257,1.3255993,509,16,0.5555602312088013,0.43809083104133606,0.00634901225566864
/media/jahaziel/Datos/proyectos/Smarketing/dataset/YouTubeVideos/Ding_Doesn't_Know_Chinese?/frames/second17_frame524.jpg,3,2.838978,1.4891378,524,17,0.5793956518173218,0.4133304953575134,0.007273801602423191
/media/jahaziel/Datos/proyectos/Smarketing/dataset/YouTubeVideos/Ding_Doesn't_Know_Chinese?/frames/second17_frame531.jpg,3,2.8276064,1.475544,531,17,0.6125575304031372,0.38039931654930115,0.007043175399303436
/media/jahaziel/Datos/proyectos/Smarketing/dataset/YouTubeVideos/Ding_Doesn't_Know_Chinese?/frames/second17_frame539.jpg,3,2.7913046,1.4367086,539,17,0.6154623627662659,0.3751247227191925,0.00941294152289629
/media/jahaziel/Datos/proyectos/Smarketing/dataset/YouTubeVideos/Ding_Doesn't_Know_Chinese?/frames/second18_frame547.jpg,3,2.8446357,1.4879954,547,18,0.6633610129356384,0.3280213177204132,0.008617675863206387
/media/jahaziel/Datos/proyectos/Smarketing/dataset/YouTubeVideos/Ding_Doesn't_Know_Chinese?/frames/second18_frame554.jpg,3,2.8553371,1.490653,554,18,0.6589222550392151,0.33267825841903687,0.008399555459618568
/media/jahaziel/Datos/proyectos/Smarketing/dataset/YouTubeVideos/Ding_Doesn't_Know_Chinese?/frames/second18_frame561.jpg,3,2.838463,1.4712188,561,18,0.6507928371429443,0.3413989245891571,0.0078081656247377396
/media/jahaziel/Datos/proyectos/Smarketing/dataset/YouTubeVideos/Ding_Doesn't_Know_Chinese?/frames/second18_frame569.jpg,3,2.9371912,1.5710442,569,18,0.6741126775741577,0.31650876998901367,0.009378560818731785
/media/jahaziel/Datos/proyectos/Smarketing/dataset/YouTubeVideos/Ding_Doesn't_Know_Chinese?/frames/second19_frame577.jpg,3,2.844562,1.4803083,577,19,0.712553083896637,0.27744555473327637,0.010001350194215775
/media/jahaziel/Datos/proyectos/Smarketing/dataset/YouTubeVideos/Ding_Doesn't_Know_Chinese?/frames/second19_frame584.jpg,3,2.8776088,1.5055326,584,19,0.7218647003173828,0.2688314914703369,0.00930375698953867
/media/jahaziel/Datos/proyectos/Smarketing/dataset/YouTubeVideos/Ding_Doesn't_Know_Chinese?/frames/second19_frame591.jpg,3,2.9129758,1.5527515,591,19,0.7506716847419739,0.23986046016216278,0.009467910043895245
/media/jahaziel/Datos/proyectos/Smarketing/dataset/YouTubeVideos/Ding_Doesn't_Know_Chinese?/frames/second19_frame599.jpg,3,2.977107,1.6151696,599,19,0.6687003970146179,0.3216780722141266,0.009621509350836277
/media/jahaziel/Datos/proyectos/Smarketing/dataset/YouTubeVideos/Ding_Doesn't_Know_Chinese?/frames/second1_frame37.jpg,3,2.4884436,0.7423973,37,1,0.7520074248313904,0.23458851873874664,0.013404075987637043
/media/jahaziel/Datos/proyectos/Smarketing/dataset/YouTubeVideos/Ding_Doesn't_Know_Chinese?/frames/second1_frame44.jpg,-1,-6.274703,-0.93245,44,1,0.7531643509864807,0.23476621508598328,0.012069427408277988
/media/jahaziel/Datos/proyectos/Smarketing/dataset/YouTubeVideos/Ding_Doesn't_Know_Chinese?/frames/second1_frame51.jpg,3,2.480581,1.0093812,51,1,0.7921410799026489,0.19909779727458954,0.008761055767536163
/media/jahaziel/Datos/proyectos/Smarketing/dataset/YouTubeVideos/Ding_Doesn't_Know_Chinese?/frames/second1_frame59.jpg,3,2.5046666,1.020693,59,1,0.7448588609695435,0.24487993121147156,0.01026124507188797
/media/jahaziel/Datos/proyectos/Smarketing/dataset/YouTubeVideos/Ding_Doesn't_Know_Chinese?/frames/second13_frame397.jpg,3,2.503865,0.4012407,397,13,0.5021655559539795,0.4826047122478485,0.01522973831743002
/media/jahaziel/Datos/proyectos/Smarketing/dataset/YouTubeVideos/Ding_Doesn't_Know_Chinese?/frames/second17_frame517.jpg,3,2.8215811,1.4706455,517,17,0.5438083410263062,0.44924065470695496,0.0069510312750935555
/media/jahaziel/Datos/proyectos/Smarketing/dataset/YouTubeVideos/Ding_Doesn't_Know_Chinese?/frames/second20_frame607.jpg,0,2.5814698,16.594662,607,20,0.6894714832305908,0.3019636571407318,0.008564823307096958
/media/jahaziel/Datos/proyectos/Smarketing/dataset/YouTubeVideos/Ding_Doesn't_Know_Chinese?/frames/second24_frame727.jpg,-1,-2.583653,10.405172,727,24,0.6915966272354126,0.30057963728904724,0.007823650725185871
/media/jahaziel/Datos/proyectos/Smarketing/dataset/YouTubeVideos/Ding_Doesn't_Know_Chinese?/frames/second28_frame847.jpg,0,2.1741114,10.151434,847,28,0.5216721892356873,0.4689744710922241,0.009353348053991795
/media/jahaziel/Datos/proyectos/Smarketing/dataset/YouTubeVideos/Ding_Doesn't_Know_Chinese?/frames/second31_frame937.jpg,0,2.5822737,10.568648,937,31,0.4387568533420563,0.5481506586074829,0.013092552311718464
/media/jahaziel/Datos/proyectos/Smarketing/dataset/YouTubeVideos/Ding_Doesn't_Know_Chinese?/frames/second35_frame1057.jpg,1,18.658104,18.605103,1057,35,0.4168930649757385,0.5763618350028992,0.006745006423443556
/media/jahaziel/Datos/proyectos/Smarketing/dataset/YouTubeVideos/Ding_Doesn't_Know_Chinese?/frames/second39_frame1177.jpg,1,19.47415,18.380558,1177,39,0.3446453809738159,0.6442275047302246,0.011127208359539509
/media/jahaziel/Datos/proyectos/Smarketing/dataset/YouTubeVideos/Ding_Doesn't_Know_Chinese?/frames/second42_frame1267.jpg,1,19.244556,17.729225,1267,42,0.5571247339248657,0.42899373173713684,0.01388152688741684
/media/jahaziel/Datos/proyectos/Smarketing/dataset/YouTubeVideos/Ding_Doesn't_Know_Chinese?/frames/second4_frame127.jpg,2,-1.004606,2.6234236,127,4,0.7917424440383911,0.19799205660820007,0.010265478864312172
/media/jahaziel/Datos/proyectos/Smarketing/dataset/YouTubeVideos/Ding_Doesn't_Know_Chinese?/frames/second53_frame1597.jpg,4,14.268641,6.588307,1597,53,0.7646550536155701,0.23145049810409546,0.0038943884428590536
/media/jahaziel/Datos/proyectos/Smarketing/dataset/YouTubeVideos/Ding_Doesn't_Know_Chinese?/frames/second57_frame1717.jpg,4,13.552558,7.059228,1717,57,0.6956636905670166,0.2946007549762726,0.009735486470162868
/media/jahaziel/Datos/proyectos/Smarketing/dataset/YouTubeVideos/Ding_Doesn't_Know_Chinese?/frames/second60_frame1807.jpg,4,12.999915,7.3240495,1807,60,0.6440249085426331,0.34548985958099365,0.010485216043889523
/media/jahaziel/Datos/proyectos/Smarketing/dataset/YouTubeVideos/Ding_Doesn't_Know_Chinese?/frames/second64_frame1927.jpg,4,11.928518,7.1247067,1927,64,0.7776808738708496,0.2159166932106018,0.006402465980499983
/media/jahaziel/Datos/proyectos/Smarketing/dataset/YouTubeVideos/Ding_Doesn't_Know_Chinese?/frames/second6_frame187.jpg,2,-0.6632208,3.1190467,187,6,0.7658467888832092,0.22421550750732422,0.009937681257724762
/media/jahaziel/Datos/proyectos/Smarketing/dataset/YouTubeVideos/Ding_Doesn't_Know_Chinese?/frames/second73_frame2197.jpg,5,10.258921,-5.4409027,2197,73,0.5707458853721619,0.41507482528686523,0.014179314486682415
/media/jahaziel/Datos/proyectos/Smarketing/dataset/YouTubeVideos/Ding_Doesn't_Know_Chinese?/frames/second77_frame2317.jpg,5,9.865921,-5.5804753,2317,77,0.6939042806625366,0.29224756360054016,0.01384819857776165
/media/jahaziel/Datos/proyectos/Smarketing/dataset/YouTubeVideos/Ding_Doesn't_Know_Chinese?/frames/second80_frame2407.jpg,5,11.2048,-1.59612,2407,80,0.6718319654464722,0.30938225984573364,0.018785851076245308
/media/jahaziel/Datos/proyectos/Smarketing/dataset/YouTubeVideos/Ding_Doesn't_Know_Chinese?/frames/second84_frame2527.jpg,5,10.3348255,-2.5381563,2527,84,0.8168638944625854,0.17204205691814423,0.011094038374722004
/media/jahaziel/Datos/proyectos/Smarketing/dataset/YouTubeVideos/Ding_Doesn't_Know_Chinese?/frames/second88_frame2647.jpg,5,10.352246,-2.1430135,2647,88,0.826396107673645,0.15988671779632568,0.013717157766222954
/media/jahaziel/Datos/proyectos/Smarketing/dataset/YouTubeVideos/Ding_Doesn't_Know_Chinese?/frames/second91_frame2737.jpg,5,11.819667,-1.2382519,2737,91,0.8227739930152893,0.15945731103420258,0.017768697813153267
/media/jahaziel/Datos/proyectos/Smarketing/dataset/YouTubeVideos/Ding_Doesn't_Know_Chinese?/frames/second95_frame2857.jpg,5,13.341793,-1.1382747,2857,95,0.8324832916259766,0.15163856744766235,0.01587812602519989
/media/jahaziel/Datos/proyectos/Smarketing/dataset/YouTubeVideos/Ding_Doesn't_Know_Chinese?/frames/second20_frame614.jpg,0,2.5415459,16.55498,614,20,0.6903931498527527,0.3003314435482025,0.009275408461689949
/media/jahaziel/Datos/proyectos/Smarketing/dataset/YouTubeVideos/Ding_Doesn't_Know_Chinese?/frames/second20_frame621.jpg,0,2.5331016,16.54585,621,20,0.7017972469329834,0.2888758182525635,0.009326919913291931
/media/jahaziel/Datos/proyectos/Smarketing/dataset/YouTubeVideos/Ding_Doesn't_Know_Chinese?/frames/second20_frame629.jpg,0,2.6041741,16.61719,629,20,0.6990094184875488,0.29111161828041077,0.009878947399556637
/media/jahaziel/Datos/proyectos/Smarketing/dataset/YouTubeVideos/Ding_Doesn't_Know_Chinese?/frames/second21_frame637.jpg,0,2.6312346,16.643816,637,21,0.6757500767707825,0.31452280282974243,0.009727135300636292
/media/jahaziel/Datos/proyectos/Smarketing/dataset/YouTubeVideos/Ding_Doesn't_Know_Chinese?/frames/second21_frame644.jpg,0,2.5966995,16.610415,644,21,0.6671456098556519,0.3239399194717407,0.008914538659155369
/media/jahaziel/Datos/proyectos/Smarketing/dataset/YouTubeVideos/Ding_Doesn't_Know_Chinese?/frames/second21_frame651.jpg,0,2.605053,16.618475,651,21,0.694254994392395,0.29722878336906433,0.00851624645292759
/media/jahaziel/Datos/proyectos/Smarketing/dataset/YouTubeVideos/Ding_Doesn't_Know_Chinese?/frames/second21_frame659.jpg,0,2.6296556,16.642967,659,21,0.6676687598228455,0.3223884403705597,0.009942742995917797
/media/jahaziel/Datos/proyectos/Smarketing/dataset/YouTubeVideos/Ding_Doesn't_Know_Chinese?/frames/second22_frame667.jpg,0,2.5811894,16.5858,667,22,0.6889950633049011,0.30144375562667847,0.009561179205775261
/media/jahaziel/Datos/proyectos/Smarketing/dataset/YouTubeVideos/Ding_Doesn't_Know_Chinese?/frames/second22_frame674.jpg,0,2.6422358,16.651302,674,22,0.648700475692749,0.3414176106452942,0.009881911799311638
/media/jahaziel/Datos/proyectos/Smarketing/dataset/YouTubeVideos/Ding_Doesn't_Know_Chinese?/frames/second22_frame681.jpg,0,2.6910274,16.700861,681,22,0.6856719851493835,0.30525967478752136,0.009068348444998264
/media/jahaziel/Datos/proyectos/Smarketing/dataset/YouTubeVideos/Ding_Doesn't_Know_Chinese?/frames/second22_frame689.jpg,0,2.6879115,16.697964,689,22,0.6763852834701538,0.3142179548740387,0.009396761655807495
/media/jahaziel/Datos/proyectos/Smarketing/dataset/YouTubeVideos/Ding_Doesn't_Know_Chinese?/frames/second23_frame697.jpg,0,2.6652887,16.676872,697,23,0.6970252990722656,0.2950608432292938,0.007913931272923946
/media/jahaziel/Datos/proyectos/Smarketing/dataset/YouTubeVideos/Ding_Doesn't_Know_Chinese?/frames/second23_frame704.jpg,-1,-2.6518617,10.47086,704,23,0.6524044871330261,0.340342253446579,0.007253257092088461
/media/jahaziel/Datos/proyectos/Smarketing/dataset/YouTubeVideos/Ding_Doesn't_Know_Chinese?/frames/second23_frame711.jpg,-1,-2.5921998,10.412356,711,23,0.688073992729187,0.30515921115875244,0.006766761187463999
/media/jahaziel/Datos/proyectos/Smarketing/dataset/YouTubeVideos/Ding_Doesn't_Know_Chinese?/frames/second23_frame719.jpg,-1,-2.5957248,10.413688,719,23,0.6743752956390381,0.31811758875846863,0.007507124450057745
/media/jahaziel/Datos/proyectos/Smarketing/dataset/YouTubeVideos/Ding_Doesn't_Know_Chinese?/frames/second24_frame734.jpg,-1,-2.5904696,10.410664,734,24,0.6721339821815491,0.3207659125328064,0.007100063841789961
/media/jahaziel/Datos/proyectos/Smarketing/dataset/YouTubeVideos/Ding_Doesn't_Know_Chinese?/frames/second24_frame741.jpg,-1,-2.611691,10.43105,741,24,0.6765797734260559,0.31630977988243103,0.007110531907528639
/media/jahaziel/Datos/proyectos/Smarketing/dataset/YouTubeVideos/Ding_Doesn't_Know_Chinese?/frames/second24_frame749.jpg,-1,-2.593132,10.412234,749,24,0.6980143189430237,0.29504305124282837,0.006942732259631157
/media/jahaziel/Datos/proyectos/Smarketing/dataset/YouTubeVideos/Ding_Doesn't_Know_Chinese?/frames/second25_frame757.jpg,-1,-2.6181834,10.438177,757,25,0.6810173988342285,0.31190845370292664,0.0070741367526352406
/media/jahaziel/Datos/proyectos/Smarketing/dataset/YouTubeVideos/Ding_Doesn't_Know_Chinese?/frames/second25_frame764.jpg,-1,-2.5965936,10.410801,764,25,0.6570429801940918,0.33625876903533936,0.006698236800730228
/media/jahaziel/Datos/proyectos/Smarketing/dataset/YouTubeVideos/Ding_Doesn't_Know_Chinese?/frames/second25_frame771.jpg,-1,-2.5956805,10.414133,771,25,0.6619573831558228,0.3311597406864166,0.0068828933872282505
/media/jahaziel/Datos/proyectos/Smarketing/dataset/YouTubeVideos/Ding_Doesn't_Know_Chinese?/frames/second25_frame779.jpg,-1,-2.6422174,10.462179,779,25,0.6686232089996338,0.32313084602355957,0.008245967328548431
/media/jahaziel/Datos/proyectos/Smarketing/dataset/YouTubeVideos/Ding_Doesn't_Know_Chinese?/frames/second26_frame787.jpg,-1,-2.6035714,10.43546,787,26,0.687870979309082,0.3049220144748688,0.0072069489397108555
/media/jahaziel/Datos/proyectos/Smarketing/dataset/YouTubeVideos/Ding_Doesn't_Know_Chinese?/frames/second26_frame794.jpg,-1,-2.5774715,10.398939,794,26,0.6913183927536011,0.3014000356197357,0.007281589787453413
/media/jahaziel/Datos/proyectos/Smarketing/dataset/YouTubeVideos/Ding_Doesn't_Know_Chinese?/frames/second26_frame801.jpg,0,2.2502666,10.235815,801,26,0.615443766117096,0.3769415616989136,0.007614754606038332
/media/jahaziel/Datos/proyectos/Smarketing/dataset/YouTubeVideos/Ding_Doesn't_Know_Chinese?/frames/second26_frame809.jpg,0,2.2606668,10.257112,809,26,0.6079949736595154,0.3828451931476593,0.009159880690276623
/media/jahaziel/Datos/proyectos/Smarketing/dataset/YouTubeVideos/Ding_Doesn't_Know_Chinese?/frames/second27_frame817.jpg,0,2.1695273,10.164741,817,27,0.45705971121788025,0.5339718461036682,0.008968367241322994
/media/jahaziel/Datos/proyectos/Smarketing/dataset/YouTubeVideos/Ding_Doesn't_Know_Chinese?/frames/second27_frame824.jpg,0,2.2207174,10.199553,824,27,0.5740411281585693,0.4189078211784363,0.007051021791994572
/media/jahaziel/Datos/proyectos/Smarketing/dataset/YouTubeVideos/Ding_Doesn't_Know_Chinese?/frames/second27_frame831.jpg,0,2.1761458,10.173789,831,27,0.5730686187744141,0.4192419648170471,0.007689427584409714
/media/jahaziel/Datos/proyectos/Smarketing/dataset/YouTubeVideos/Ding_Doesn't_Know_Chinese?/frames/second27_frame839.jpg,0,2.2320378,10.231471,839,27,0.5233408808708191,0.4677232801914215,0.008935918100178242
/media/jahaziel/Datos/proyectos/Smarketing/dataset/YouTubeVideos/Ding_Doesn't_Know_Chinese?/frames/second28_frame854.jpg,0,2.2601907,10.243875,854,28,0.48244139552116394,0.5095382928848267,0.008020345121622086
/media/jahaziel/Datos/proyectos/Smarketing/dataset/YouTubeVideos/Ding_Doesn't_Know_Chinese?/frames/second28_frame861.jpg,0,2.2717028,10.2758665,861,28,0.48698434233665466,0.5055729150772095,0.007442816626280546
/media/jahaziel/Datos/proyectos/Smarketing/dataset/YouTubeVideos/Ding_Doesn't_Know_Chinese?/frames/second28_frame869.jpg,0,2.280771,10.163466,869,28,0.4491342604160309,0.5423993468284607,0.0084663862362504
/media/jahaziel/Datos/proyectos/Smarketing/dataset/YouTubeVideos/Ding_Doesn't_Know_Chinese?/frames/second29_frame877.jpg,0,2.2328863,10.293466,877,29,0.3790683448314667,0.6105318665504456,0.01039985753595829
/media/jahaziel/Datos/proyectos/Smarketing/dataset/YouTubeVideos/Ding_Doesn't_Know_Chinese?/frames/second29_frame884.jpg,0,2.2313645,10.275732,884,29,0.3029818534851074,0.6853060722351074,0.011712106876075268
/media/jahaziel/Datos/proyectos/Smarketing/dataset/YouTubeVideos/Ding_Doesn't_Know_Chinese?/frames/second29_frame891.jpg,0,2.3100789,10.323194,891,29,0.4520571231842041,0.5348544716835022,0.013088429346680641
/media/jahaziel/Datos/proyectos/Smarketing/dataset/YouTubeVideos/Ding_Doesn't_Know_Chinese?/frames/second29_frame899.jpg,0,2.318422,10.439721,899,29,0.4314701557159424,0.5542765259742737,0.014253275468945503
/media/jahaziel/Datos/proyectos/Smarketing/dataset/YouTubeVideos/Ding_Doesn't_Know_Chinese?/frames/second2_frame67.jpg,2,-1.1427788,2.7352552,67,2,0.7432286739349365,0.24515624344348907,0.011615107767283916
/media/jahaziel/Datos/proyectos/Smarketing/dataset/YouTubeVideos/Ding_Doesn't_Know_Chinese?/frames/second2_frame74.jpg,2,-1.1420412,2.812473,74,2,0.7737034559249878,0.2138557881116867,0.012440826743841171
/media/jahaziel/Datos/proyectos/Smarketing/dataset/YouTubeVideos/Ding_Doesn't_Know_Chinese?/frames/second2_frame81.jpg,2,-1.1578631,2.8312893,81,2,0.7643458247184753,0.2239408791065216,0.011713258922100067
/media/jahaziel/Datos/proyectos/Smarketing/dataset/YouTubeVideos/Ding_Doesn't_Know_Chinese?/frames/second2_frame89.jpg,2,-1.1314632,2.8338368,89,2,0.7328308820724487,0.2536163330078125,0.013552770018577576
/media/jahaziel/Datos/proyectos/Smarketing/dataset/YouTubeVideos/Ding_Doesn't_Know_Chinese?/frames/second30_frame907.jpg,0,2.378371,10.593585,907,30,0.4769045114517212,0.5129629969596863,0.010132480412721634
/media/jahaziel/Datos/proyectos/Smarketing/dataset/YouTubeVideos/Ding_Doesn't_Know_Chinese?/frames/second30_frame914.jpg,0,2.4285488,10.583012,914,30,0.4937582015991211,0.4932630658149719,0.012978768907487392
/media/jahaziel/Datos/proyectos/Smarketing/dataset/YouTubeVideos/Ding_Doesn't_Know_Chinese?/frames/second30_frame921.jpg,0,2.3431168,10.523271,921,30,0.43320223689079285,0.5507256984710693,0.016072114929556847
/media/jahaziel/Datos/proyectos/Smarketing/dataset/YouTubeVideos/Ding_Doesn't_Know_Chinese?/frames/second30_frame929.jpg,0,2.4017296,10.582019,929,30,0.5520785450935364,0.4367717206478119,0.011149686761200428
/media/jahaziel/Datos/proyectos/Smarketing/dataset/YouTubeVideos/Ding_Doesn't_Know_Chinese?/frames/second31_frame944.jpg,0,2.6752484,10.516702,944,31,0.47896668314933777,0.504307746887207,0.016725504770874977
/media/jahaziel/Datos/proyectos/Smarketing/dataset/YouTubeVideos/Ding_Doesn't_Know_Chinese?/frames/second31_frame951.jpg,0,2.6677167,10.524566,951,31,0.5928236842155457,0.39522141218185425,0.011954929679632187
/media/jahaziel/Datos/proyectos/Smarketing/dataset/YouTubeVideos/Ding_Doesn't_Know_Chinese?/frames/second31_frame959.jpg,0,2.6410868,10.53113,959,31,0.5532100796699524,0.4365905225276947,0.010199426673352718
/media/jahaziel/Datos/proyectos/Smarketing/dataset/YouTubeVideos/Ding_Doesn't_Know_Chinese?/frames/second32_frame967.jpg,0,2.4643102,10.683826,967,32,0.4528585374355316,0.5371882319450378,0.00995323434472084
/media/jahaziel/Datos/proyectos/Smarketing/dataset/YouTubeVideos/Ding_Doesn't_Know_Chinese?/frames/second32_frame974.jpg,0,2.422579,10.632522,974,32,0.49588531255722046,0.4956413507461548,0.008473373018205166
/media/jahaziel/Datos/proyectos/Smarketing/dataset/YouTubeVideos/Ding_Doesn't_Know_Chinese?/frames/second32_frame981.jpg,0,2.4510672,10.661202,981,32,0.5187987685203552,0.4742720127105713,0.0069292038679122925
/media/jahaziel/Datos/proyectos/Smarketing/dataset/YouTubeVideos/Ding_Doesn't_Know_Chinese?/frames/second32_frame989.jpg,0,2.438271,10.663484,989,32,0.44075238704681396,0.5525459051132202,0.00670171994715929
/media/jahaziel/Datos/proyectos/Smarketing/dataset/YouTubeVideos/Ding_Doesn't_Know_Chinese?/frames/second33_frame1004.jpg,1,18.588314,18.494179,1004,33,0.5485707521438599,0.4416288435459137,0.009800402447581291
/media/jahaziel/Datos/proyectos/Smarketing/dataset/YouTubeVideos/Ding_Doesn't_Know_Chinese?/frames/second33_frame1011.jpg,1,19.083002,18.612507,1011,33,0.5623526573181152,0.42187896370887756,0.015768425539135933
/media/jahaziel/Datos/proyectos/Smarketing/dataset/YouTubeVideos/Ding_Doesn't_Know_Chinese?/frames/second33_frame1019.jpg,1,19.053158,18.609785,1019,33,0.5644100904464722,0.4237948954105377,0.011795050464570522
/media/jahaziel/Datos/proyectos/Smarketing/dataset/YouTubeVideos/Ding_Doesn't_Know_Chinese?/frames/second33_frame997.jpg,0,2.44639,10.694841,997,33,0.5307047367095947,0.4594084322452545,0.00988679751753807
/media/jahaziel/Datos/proyectos/Smarketing/dataset/YouTubeVideos/Ding_Doesn't_Know_Chinese?/frames/second34_frame1027.jpg,1,18.803263,18.572155,1027,34,0.5412274599075317,0.43928274512290955,0.019489772617816925
/media/jahaziel/Datos/proyectos/Smarketing/dataset/YouTubeVideos/Ding_Doesn't_Know_Chinese?/frames/second34_frame1034.jpg,1,18.689257,18.577276,1034,34,0.5464165210723877,0.43397676944732666,0.01960672438144684
/media/jahaziel/Datos/proyectos/Smarketing/dataset/YouTubeVideos/Ding_Doesn't_Know_Chinese?/frames/second34_frame1041.jpg,1,18.641623,18.602272,1041,34,0.5729403495788574,0.4171367287635803,0.009922858327627182
/media/jahaziel/Datos/proyectos/Smarketing/dataset/YouTubeVideos/Ding_Doesn't_Know_Chinese?/frames/second34_frame1049.jpg,1,18.756718,18.653357,1049,34,0.5697080492973328,0.4237321615219116,0.006559782195836306
/media/jahaziel/Datos/proyectos/Smarketing/dataset/YouTubeVideos/Ding_Doesn't_Know_Chinese?/frames/second35_frame1064.jpg,1,18.675024,18.524103,1064,35,0.4610160291194916,0.5314750075340271,0.0075090001337230206
/media/jahaziel/Datos/proyectos/Smarketing/dataset/YouTubeVideos/Ding_Doesn't_Know_Chinese?/frames/second35_frame1071.jpg,1,18.73671,18.551468,1071,35,0.49059516191482544,0.5024669170379639,0.00693789217621088
/media/jahaziel/Datos/proyectos/Smarketing/dataset/YouTubeVideos/Ding_Doesn't_Know_Chinese?/frames/second35_frame1079.jpg,1,18.638453,18.541845,1079,35,0.7128846645355225,0.2810872495174408,0.006028028670698404
/media/jahaziel/Datos/proyectos/Smarketing/dataset/YouTubeVideos/Ding_Doesn't_Know_Chinese?/frames/second36_frame1087.jpg,1,18.755533,18.62337,1087,36,0.7267053127288818,0.2632368803024292,0.01005774550139904
/media/jahaziel/Datos/proyectos/Smarketing/dataset/YouTubeVideos/Ding_Doesn't_Know_Chinese?/frames/second36_frame1094.jpg,1,18.668064,18.646103,1094,36,0.7331913709640503,0.25674140453338623,0.01006727758795023
/media/jahaziel/Datos/proyectos/Smarketing/dataset/YouTubeVideos/Ding_Doesn't_Know_Chinese?/frames/second36_frame1101.jpg,1,18.930662,18.637672,1101,36,0.6935798525810242,0.29609420895576477,0.010325944982469082
/media/jahaziel/Datos/proyectos/Smarketing/dataset/YouTubeVideos/Ding_Doesn't_Know_Chinese?/frames/second36_frame1109.jpg,1,18.735813,18.551947,1109,36,0.6557934284210205,0.33514654636383057,0.009060034528374672
/media/jahaziel/Datos/proyectos/Smarketing/dataset/YouTubeVideos/Ding_Doesn't_Know_Chinese?/frames/second37_frame1117.jpg,1,19.377197,18.423197,1117,37,0.6402541995048523,0.35022062063217163,0.009525186382234097
/media/jahaziel/Datos/proyectos/Smarketing/dataset/YouTubeVideos/Ding_Doesn't_Know_Chinese?/frames/second37_frame1124.jpg,1,19.343483,18.386288,1124,37,0.5321528911590576,0.45666933059692383,0.011177846230566502
/media/jahaziel/Datos/proyectos/Smarketing/dataset/YouTubeVideos/Ding_Doesn't_Know_Chinese?/frames/second37_frame1131.jpg,1,19.344477,18.391754,1131,37,0.482265830039978,0.5072132349014282,0.01052103377878666
/media/jahaziel/Datos/proyectos/Smarketing/dataset/YouTubeVideos/Ding_Doesn't_Know_Chinese?/frames/second37_frame1139.jpg,1,19.330652,18.4397,1139,37,0.49228745698928833,0.497562438249588,0.010150108486413956
/media/jahaziel/Datos/proyectos/Smarketing/dataset/YouTubeVideos/Ding_Doesn't_Know_Chinese?/frames/second38_frame1147.jpg,1,19.424097,18.457151,1147,38,0.5172738432884216,0.47303226590156555,0.00969395600259304
/media/jahaziel/Datos/proyectos/Smarketing/dataset/YouTubeVideos/Ding_Doesn't_Know_Chinese?/frames/second38_frame1154.jpg,1,19.460846,18.479832,1154,38,0.494473397731781,0.49687856435775757,0.008648114278912544
/media/jahaziel/Datos/proyectos/Smarketing/dataset/YouTubeVideos/Ding_Doesn't_Know_Chinese?/frames/second38_frame1161.jpg,1,19.369066,18.483046,1161,38,0.4797159731388092,0.5106511116027832,0.009632949717342854
/media/jahaziel/Datos/proyectos/Smarketing/dataset/YouTubeVideos/Ding_Doesn't_Know_Chinese?/frames/second38_frame1169.jpg,1,19.452541,18.517561,1169,38,0.39325132966041565,0.5945720672607422,0.01217663660645485
/media/jahaziel/Datos/proyectos/Smarketing/dataset/YouTubeVideos/Ding_Doesn't_Know_Chinese?/frames/second39_frame1184.jpg,1,19.519506,18.586376,1184,39,0.37750256061553955,0.6108788847923279,0.011618531309068203
/media/jahaziel/Datos/proyectos/Smarketing/dataset/YouTubeVideos/Ding_Doesn't_Know_Chinese?/frames/second39_frame1191.jpg,1,19.537754,18.537804,1191,39,0.3888927102088928,0.6009345650672913,0.010172710753977299
/media/jahaziel/Datos/proyectos/Smarketing/dataset/YouTubeVideos/Ding_Doesn't_Know_Chinese?/frames/second39_frame1199.jpg,1,19.521072,18.516361,1199,39,0.3659711480140686,0.6231449842453003,0.010883835144340992
/media/jahaziel/Datos/proyectos/Smarketing/dataset/YouTubeVideos/Ding_Doesn't_Know_Chinese?/frames/second3_frame104.jpg,2,-1.0619566,2.6030657,104,3,0.7536847591400146,0.23333017528057098,0.012985064648091793
/media/jahaziel/Datos/proyectos/Smarketing/dataset/YouTubeVideos/Ding_Doesn't_Know_Chinese?/frames/second3_frame111.jpg,2,-1.122795,2.6041093,111,3,0.788453996181488,0.2007998526096344,0.010746150277554989
/media/jahaziel/Datos/proyectos/Smarketing/dataset/YouTubeVideos/Ding_Doesn't_Know_Chinese?/frames/second3_frame119.jpg,2,-1.0293233,2.5833614,119,3,0.7981581687927246,0.1899769902229309,0.011864868924021721
/media/jahaziel/Datos/proyectos/Smarketing/dataset/YouTubeVideos/Ding_Doesn't_Know_Chinese?/frames/second3_frame97.jpg,2,-1.1791099,2.8047984,97,3,0.7284793257713318,0.2588852047920227,0.012635449878871441
/media/jahaziel/Datos/proyectos/Smarketing/dataset/YouTubeVideos/Ding_Doesn't_Know_Chinese?/frames/second40_frame1207.jpg,1,18.608702,17.628586,1207,40,0.37232184410095215,0.6156454086303711,0.0120327677577734
/media/jahaziel/Datos/proyectos/Smarketing/dataset/YouTubeVideos/Ding_Doesn't_Know_Chinese?/frames/second40_frame1214.jpg,1,18.579332,17.654036,1214,40,0.3921342194080353,0.597031831741333,0.010833936743438244
/media/jahaziel/Datos/proyectos/Smarketing/dataset/YouTubeVideos/Ding_Doesn't_Know_Chinese?/frames/second40_frame1221.jpg,1,18.631987,17.649515,1221,40,0.4295194149017334,0.5597535371780396,0.010727078653872013
/media/jahaziel/Datos/proyectos/Smarketing/dataset/YouTubeVideos/Ding_Doesn't_Know_Chinese?/frames/second40_frame1229.jpg,1,18.623857,17.619806,1229,40,0.4229254424571991,0.5657878518104553,0.011286650784313679
/media/jahaziel/Datos/proyectos/Smarketing/dataset/YouTubeVideos/Ding_Doesn't_Know_Chinese?/frames/second41_frame1237.jpg,1,18.606895,17.3291,1237,41,0.449237585067749,0.539782702922821,0.010979761369526386
/media/jahaziel/Datos/proyectos/Smarketing/dataset/YouTubeVideos/Ding_Doesn't_Know_Chinese?/frames/second41_frame1244.jpg,1,18.61136,17.334513,1244,41,0.4591274857521057,0.5292039513587952,0.01166849210858345
/media/jahaziel/Datos/proyectos/Smarketing/dataset/YouTubeVideos/Ding_Doesn't_Know_Chinese?/frames/second41_frame1251.jpg,1,18.554522,17.348621,1251,41,0.5364001393318176,0.4503462016582489,0.01325367670506239
/media/jahaziel/Datos/proyectos/Smarketing/dataset/YouTubeVideos/Ding_Doesn't_Know_Chinese?/frames/second41_frame1259.jpg,1,18.57905,17.288218,1259,41,0.5584598183631897,0.4270441234111786,0.014495971612632275
/media/jahaziel/Datos/proyectos/Smarketing/dataset/YouTubeVideos/Ding_Doesn't_Know_Chinese?/frames/second42_frame1274.jpg,1,19.253477,17.778769,1274,42,0.582594633102417,0.40302690863609314,0.014378447085618973
/media/jahaziel/Datos/proyectos/Smarketing/dataset/YouTubeVideos/Ding_Doesn't_Know_Chinese?/frames/second42_frame1281.jpg,1,19.232132,17.901438,1281,42,0.6017863154411316,0.381626695394516,0.01658705249428749
/media/jahaziel/Datos/proyectos/Smarketing/dataset/YouTubeVideos/Ding_Doesn't_Know_Chinese?/frames/second42_frame1289.jpg,1,19.228085,17.847101,1289,42,0.6240015625953674,0.3620644509792328,0.01393397618085146
/media/jahaziel/Datos/proyectos/Smarketing/dataset/YouTubeVideos/Ding_Doesn't_Know_Chinese?/frames/second43_frame1297.jpg,1,19.313694,17.823637,1297,43,0.62762451171875,0.35841134190559387,0.013964126817882061
/media/jahaziel/Datos/proyectos/Smarketing/dataset/YouTubeVideos/Ding_Doesn't_Know_Chinese?/frames/second43_frame1304.jpg,1,18.719198,18.343016,1304,43,0.6239612102508545,0.36206313967704773,0.013975661247968674
/media/jahaziel/Datos/proyectos/Smarketing/dataset/YouTubeVideos/Ding_Doesn't_Know_Chinese?/frames/second43_frame1311.jpg,1,19.340586,18.181435,1311,43,0.6307718753814697,0.3556869924068451,0.0135411461815238
/media/jahaziel/Datos/proyectos/Smarketing/dataset/YouTubeVideos/Ding_Doesn't_Know_Chinese?/frames/second43_frame1319.jpg,1,19.134584,17.883924,1319,43,0.6512778401374817,0.33860814571380615,0.010114092379808426
/media/jahaziel/Datos/proyectos/Smarketing/dataset/YouTubeVideos/Ding_Doesn't_Know_Chinese?/frames/second44_frame1327.jpg,1,19.403997,17.595156,1327,44,0.6454929709434509,0.3446899652481079,0.009817046113312244
/media/jahaziel/Datos/proyectos/Smarketing/dataset/YouTubeVideos/Ding_Doesn't_Know_Chinese?/frames/second44_frame1334.jpg,1,19.510448,17.44729,1334,44,0.6404609680175781,0.3499096632003784,0.009629331529140472
/media/jahaziel/Datos/proyectos/Smarketing/dataset/YouTubeVideos/Ding_Doesn't_Know_Chinese?/frames/second44_frame1341.jpg,1,19.400208,17.438404,1341,44,0.626738965511322,0.36433106660842896,0.008929930627346039
/media/jahaziel/Datos/proyectos/Smarketing/dataset/YouTubeVideos/Ding_Doesn't_Know_Chinese?/frames/second44_frame1349.jpg,1,19.470043,17.391136,1349,44,0.6171539425849915,0.3742956519126892,0.008550399914383888
/media/jahaziel/Datos/proyectos/Smarketing/dataset/YouTubeVideos/Ding_Doesn't_Know_Chinese?/frames/second45_frame1357.jpg,1,19.178968,17.161882,1357,45,0.5978901386260986,0.3944951891899109,0.007614652160555124
/media/jahaziel/Datos/proyectos/Smarketing/dataset/YouTubeVideos/Ding_Doesn't_Know_Chinese?/frames/second45_frame1364.jpg,1,19.199896,17.143597,1364,45,0.594104528427124,0.3987799882888794,0.0071154991164803505
/media/jahaziel/Datos/proyectos/Smarketing/dataset/YouTubeVideos/Ding_Doesn't_Know_Chinese?/frames/second45_frame1371.jpg,1,19.253586,17.186651,1371,45,0.5733612179756165,0.41995474696159363,0.006684024818241596
/media/jahaziel/Datos/proyectos/Smarketing/dataset/YouTubeVideos/Ding_Doesn't_Know_Chinese?/frames/second45_frame1379.jpg,1,19.205465,17.180248,1379,45,0.5644358992576599,0.4286661744117737,0.006897874642163515
/media/jahaziel/Datos/proyectos/Smarketing/dataset/YouTubeVideos/Ding_Doesn't_Know_Chinese?/frames/second46_frame1387.jpg,1,19.572117,17.34552,1387,46,0.5672986507415771,0.425674706697464,0.0070267003029584885
/media/jahaziel/Datos/proyectos/Smarketing/dataset/YouTubeVideos/Ding_Doesn't_Know_Chinese?/frames/second46_frame1394.jpg,1,19.540499,17.39302,1394,46,0.5673121213912964,0.4255256950855255,0.007162194699048996
/media/jahaziel/Datos/proyectos/Smarketing/dataset/YouTubeVideos/Ding_Doesn't_Know_Chinese?/frames/second46_frame1401.jpg,1,18.80649,18.270103,1401,46,0.5741614699363708,0.41873762011528015,0.007100861985236406
/media/jahaziel/Datos/proyectos/Smarketing/dataset/YouTubeVideos/Ding_Doesn't_Know_Chinese?/frames/second46_frame1409.jpg,1,18.86662,18.112322,1409,46,0.5571997761726379,0.43509548902511597,0.0077047268860042095
/media/jahaziel/Datos/proyectos/Smarketing/dataset/YouTubeVideos/Ding_Doesn't_Know_Chinese?/frames/second47_frame1417.jpg,1,19.586876,17.74936,1417,47,0.5603823065757751,0.4324306845664978,0.007186980918049812
/media/jahaziel/Datos/proyectos/Smarketing/dataset/YouTubeVideos/Ding_Doesn't_Know_Chinese?/frames/second47_frame1424.jpg,1,19.618729,17.522993,1424,47,0.5664077997207642,0.426924467086792,0.006667762994766235
/media/jahaziel/Datos/proyectos/Smarketing/dataset/YouTubeVideos/Ding_Doesn't_Know_Chinese?/frames/second47_frame1431.jpg,1,19.570482,17.676607,1431,47,0.5666121244430542,0.42632076144218445,0.0070670656859874725
/media/jahaziel/Datos/proyectos/Smarketing/dataset/YouTubeVideos/Ding_Doesn't_Know_Chinese?/frames/second47_frame1439.jpg,1,19.599937,17.554092,1439,47,0.6273641586303711,0.36522144079208374,0.007414346095174551
/media/jahaziel/Datos/proyectos/Smarketing/dataset/YouTubeVideos/Ding_Doesn't_Know_Chinese?/frames/second48_frame1447.jpg,1,19.645939,17.462234,1447,48,0.646417498588562,0.34667813777923584,0.006904341746121645
/media/jahaziel/Datos/proyectos/Smarketing/dataset/YouTubeVideos/Ding_Doesn't_Know_Chinese?/frames/second48_frame1454.jpg,1,19.66674,17.384716,1454,48,0.5936375260353088,0.3996988832950592,0.006663665175437927
/media/jahaziel/Datos/proyectos/Smarketing/dataset/YouTubeVideos/Ding_Doesn't_Know_Chinese?/frames/second48_frame1461.jpg,1,19.548546,17.423374,1461,48,0.6072389483451843,0.38631823658943176,0.0064427610486745834
/media/jahaziel/Datos/proyectos/Smarketing/dataset/YouTubeVideos/Ding_Doesn't_Know_Chinese?/frames/second48_frame1469.jpg,1,19.703411,17.46243,1469,48,0.5863355994224548,0.4036629796028137,0.010001440532505512
/media/jahaziel/Datos/proyectos/Smarketing/dataset/YouTubeVideos/Ding_Doesn't_Know_Chinese?/frames/second49_frame1477.jpg,1,19.688223,17.508837,1477,49,0.5690478682518005,0.42123985290527344,0.009712351486086845
/media/jahaziel/Datos/proyectos/Smarketing/dataset/YouTubeVideos/Ding_Doesn't_Know_Chinese?/frames/second49_frame1484.jpg,1,19.672564,17.399889,1484,49,0.5710519552230835,0.41951534152030945,0.009432606399059296
/media/jahaziel/Datos/proyectos/Smarketing/dataset/YouTubeVideos/Ding_Doesn't_Know_Chinese?/frames/second49_frame1491.jpg,1,19.729378,17.403877,1491,49,0.5605271458625793,0.4308396577835083,0.008633206598460674
/media/jahaziel/Datos/proyectos/Smarketing/dataset/YouTubeVideos/Ding_Doesn't_Know_Chinese?/frames/second49_frame1499.jpg,1,19.710693,17.423372,1499,49,0.5587565302848816,0.43307673931121826,0.008166763000190258
/media/jahaziel/Datos/proyectos/Smarketing/dataset/YouTubeVideos/Ding_Doesn't_Know_Chinese?/frames/second6_frame194.jpg,2,-0.6892674,3.029977,194,6,0.7563173770904541,0.23594966530799866,0.007732913829386234
/media/jahaziel/Datos/proyectos/Smarketing/dataset/YouTubeVideos/Ding_Doesn't_Know_Chinese?/frames/second6_frame201.jpg,3,2.410183,0.95912945,201,6,0.7552990317344666,0.23629671335220337,0.00840421300381422
/media/jahaziel/Datos/proyectos/Smarketing/dataset/YouTubeVideos/Ding_Doesn't_Know_Chinese?/frames/second6_frame209.jpg,2,-1.0307806,2.6424842,209,6,0.7353081107139587,0.2545925974845886,0.010099307633936405
/media/jahaziel/Datos/proyectos/Smarketing/dataset/YouTubeVideos/Ding_Doesn't_Know_Chinese?/frames/second70_frame2107.jpg,5,10.177373,-5.242032,2107,70,0.5943745374679565,0.38756516575813293,0.018060265108942986
/media/jahaziel/Datos/proyectos/Smarketing/dataset/YouTubeVideos/Ding_Doesn't_Know_Chinese?/frames/second70_frame2114.jpg,5,10.157989,-5.2328405,2114,70,0.6911596059799194,0.2919345200061798,0.016905859112739563
/media/jahaziel/Datos/proyectos/Smarketing/dataset/YouTubeVideos/Ding_Doesn't_Know_Chinese?/frames/second70_frame2121.jpg,5,10.206131,-5.2132893,2121,70,0.6739811897277832,0.31024473905563354,0.015774033963680267
/media/jahaziel/Datos/proyectos/Smarketing/dataset/YouTubeVideos/Ding_Doesn't_Know_Chinese?/frames/second70_frame2129.jpg,5,10.186166,-5.2240663,2129,70,0.7271682024002075,0.25685563683509827,0.0159761942923069
/media/jahaziel/Datos/proyectos/Smarketing/dataset/YouTubeVideos/Ding_Doesn't_Know_Chinese?/frames/second71_frame2137.jpg,5,9.668454,-5.5109873,2137,71,0.8377756476402283,0.1494838148355484,0.012740571051836014
/media/jahaziel/Datos/proyectos/Smarketing/dataset/YouTubeVideos/Ding_Doesn't_Know_Chinese?/frames/second71_frame2144.jpg,5,9.61657,-5.535882,2144,71,0.8072625398635864,0.17720457911491394,0.01553294900804758
/media/jahaziel/Datos/proyectos/Smarketing/dataset/YouTubeVideos/Ding_Doesn't_Know_Chinese?/frames/second71_frame2151.jpg,5,9.702394,-5.471554,2151,71,0.714714527130127,0.2724822759628296,0.012803222052752972
/media/jahaziel/Datos/proyectos/Smarketing/dataset/YouTubeVideos/Ding_Doesn't_Know_Chinese?/frames/second71_frame2159.jpg,5,9.666249,-5.502056,2159,71,0.6545043587684631,0.33455410599708557,0.01094153244048357
/media/jahaziel/Datos/proyectos/Smarketing/dataset/YouTubeVideos/Ding_Doesn't_Know_Chinese?/frames/second72_frame2167.jpg,5,10.293638,-5.287524,2167,72,0.37688255310058594,0.6110154390335083,0.012101981788873672
/media/jahaziel/Datos/proyectos/Smarketing/dataset/YouTubeVideos/Ding_Doesn't_Know_Chinese?/frames/second72_frame2174.jpg,5,10.291953,-5.3198724,2174,72,0.5333013534545898,0.4553944170475006,0.011304264888167381
/media/jahaziel/Datos/proyectos/Smarketing/dataset/YouTubeVideos/Ding_Doesn't_Know_Chinese?/frames/second72_frame2181.jpg,5,10.279344,-5.287409,2181,72,0.6109619736671448,0.38131868839263916,0.007719387300312519
/media/jahaziel/Datos/proyectos/Smarketing/dataset/YouTubeVideos/Ding_Doesn't_Know_Chinese?/frames/second72_frame2189.jpg,5,10.290358,-5.312279,2189,72,0.5846474170684814,0.40279948711395264,0.012553145177662373
/media/jahaziel/Datos/proyectos/Smarketing/dataset/YouTubeVideos/Ding_Doesn't_Know_Chinese?/frames/second53_frame1604.jpg,4,14.376992,6.792075,1604,53,0.7356098890304565,0.26044178009033203,0.003948355559259653
/media/jahaziel/Datos/proyectos/Smarketing/dataset/YouTubeVideos/Ding_Doesn't_Know_Chinese?/frames/second53_frame1611.jpg,4,14.120566,6.813561,1611,53,0.7296280264854431,0.2665097713470459,0.003862182144075632
/media/jahaziel/Datos/proyectos/Smarketing/dataset/YouTubeVideos/Ding_Doesn't_Know_Chinese?/frames/second53_frame1619.jpg,4,14.172943,6.782317,1619,53,0.7141517400741577,0.28180715441703796,0.0040411497466266155
/media/jahaziel/Datos/proyectos/Smarketing/dataset/YouTubeVideos/Ding_Doesn't_Know_Chinese?/frames/second54_frame1627.jpg,4,14.0540285,6.6645193,1627,54,0.7119484543800354,0.2841029763221741,0.003948522731661797
/media/jahaziel/Datos/proyectos/Smarketing/dataset/YouTubeVideos/Ding_Doesn't_Know_Chinese?/frames/second54_frame1634.jpg,4,14.0904255,6.6618366,1634,54,0.7031542062759399,0.2926217019557953,0.004224039614200592
/media/jahaziel/Datos/proyectos/Smarketing/dataset/YouTubeVideos/Ding_Doesn't_Know_Chinese?/frames/second54_frame1641.jpg,4,14.248293,6.7222495,1641,54,0.6897242069244385,0.30586951971054077,0.0044062514789402485
/media/jahaziel/Datos/proyectos/Smarketing/dataset/YouTubeVideos/Ding_Doesn't_Know_Chinese?/frames/second54_frame1649.jpg,4,14.050243,6.6108785,1649,54,0.622768223285675,0.37231189012527466,0.004919900558888912
/media/jahaziel/Datos/proyectos/Smarketing/dataset/YouTubeVideos/Ding_Doesn't_Know_Chinese?/frames/second55_frame1657.jpg,4,14.1560135,6.647658,1657,55,0.5610272288322449,0.43385663628578186,0.005116172134876251
/media/jahaziel/Datos/proyectos/Smarketing/dataset/YouTubeVideos/Ding_Doesn't_Know_Chinese?/frames/second55_frame1664.jpg,4,13.884231,6.566847,1664,55,0.5921423435211182,0.4015043079853058,0.006353359203785658
/media/jahaziel/Datos/proyectos/Smarketing/dataset/YouTubeVideos/Ding_Doesn't_Know_Chinese?/frames/second55_frame1671.jpg,4,14.040436,6.63675,1671,55,0.6401240229606628,0.35230451822280884,0.00757141038775444
/media/jahaziel/Datos/proyectos/Smarketing/dataset/YouTubeVideos/Ding_Doesn't_Know_Chinese?/frames/second55_frame1679.jpg,4,13.872941,6.641732,1679,55,0.5709165334701538,0.4216279983520508,0.0074554989114403725
/media/jahaziel/Datos/proyectos/Smarketing/dataset/YouTubeVideos/Ding_Doesn't_Know_Chinese?/frames/second56_frame1687.jpg,4,13.855604,6.5595517,1687,56,0.5791032910346985,0.41292187571525574,0.007974814623594284
/media/jahaziel/Datos/proyectos/Smarketing/dataset/YouTubeVideos/Ding_Doesn't_Know_Chinese?/frames/second56_frame1694.jpg,4,13.863396,6.561081,1694,56,0.5945020914077759,0.39600715041160583,0.00949079729616642
/media/jahaziel/Datos/proyectos/Smarketing/dataset/YouTubeVideos/Ding_Doesn't_Know_Chinese?/frames/second56_frame1701.jpg,4,13.786831,6.933401,1701,56,0.7009695172309875,0.2897765636444092,0.009253935888409615
/media/jahaziel/Datos/proyectos/Smarketing/dataset/YouTubeVideos/Ding_Doesn't_Know_Chinese?/frames/second56_frame1709.jpg,4,13.819593,6.9770412,1709,56,0.6985334157943726,0.2919923663139343,0.00947426725178957
/media/jahaziel/Datos/proyectos/Smarketing/dataset/YouTubeVideos/Ding_Doesn't_Know_Chinese?/frames/second57_frame1724.jpg,4,13.461843,7.1089325,1724,57,0.6956859827041626,0.2945640981197357,0.009749921038746834
/media/jahaziel/Datos/proyectos/Smarketing/dataset/YouTubeVideos/Ding_Doesn't_Know_Chinese?/frames/second57_frame1731.jpg,4,13.559142,7.071555,1731,57,0.6951315999031067,0.295253187417984,0.00961521826684475
/media/jahaziel/Datos/proyectos/Smarketing/dataset/YouTubeVideos/Ding_Doesn't_Know_Chinese?/frames/second57_frame1739.jpg,4,13.4303665,7.1167665,1739,57,0.6734338998794556,0.31359246373176575,0.012973686680197716
/media/jahaziel/Datos/proyectos/Smarketing/dataset/YouTubeVideos/Ding_Doesn't_Know_Chinese?/frames/second58_frame1747.jpg,4,13.42165,7.1212997,1747,58,0.6719485521316528,0.31535011529922485,0.012701301835477352
/media/jahaziel/Datos/proyectos/Smarketing/dataset/YouTubeVideos/Ding_Doesn't_Know_Chinese?/frames/second58_frame1754.jpg,4,13.325645,7.167311,1754,58,0.6728300452232361,0.3153496980667114,0.011820307932794094
/media/jahaziel/Datos/proyectos/Smarketing/dataset/YouTubeVideos/Ding_Doesn't_Know_Chinese?/frames/second58_frame1761.jpg,4,13.422007,7.1660867,1761,58,0.6534656882286072,0.3294743597507477,0.017059998586773872
/media/jahaziel/Datos/proyectos/Smarketing/dataset/YouTubeVideos/Ding_Doesn't_Know_Chinese?/frames/second58_frame1769.jpg,4,13.283402,7.155822,1769,58,0.6513381600379944,0.3328080475330353,0.01585385575890541
/media/jahaziel/Datos/proyectos/Smarketing/dataset/YouTubeVideos/Ding_Doesn't_Know_Chinese?/frames/second59_frame1777.jpg,4,13.275501,7.1731415,1777,59,0.6410747766494751,0.3468101918697357,0.012114946730434895
/media/jahaziel/Datos/proyectos/Smarketing/dataset/YouTubeVideos/Ding_Doesn't_Know_Chinese?/frames/second59_frame1784.jpg,4,13.222295,7.1978254,1784,59,0.6604161858558655,0.3227100670337677,0.016873694956302643
/media/jahaziel/Datos/proyectos/Smarketing/dataset/YouTubeVideos/Ding_Doesn't_Know_Chinese?/frames/second59_frame1791.jpg,4,13.266776,7.161898,1791,59,0.6279560327529907,0.3584132790565491,0.013630709610879421
/media/jahaziel/Datos/proyectos/Smarketing/dataset/YouTubeVideos/Ding_Doesn't_Know_Chinese?/frames/second59_frame1799.jpg,4,13.201064,7.220298,1799,59,0.6349826455116272,0.35467034578323364,0.010346917435526848
/media/jahaziel/Datos/proyectos/Smarketing/dataset/YouTubeVideos/Ding_Doesn't_Know_Chinese?/frames/second5_frame157.jpg,2,-0.625295,3.2168694,157,5,0.741605281829834,0.24679908156394958,0.011595618911087513
/media/jahaziel/Datos/proyectos/Smarketing/dataset/YouTubeVideos/Ding_Doesn't_Know_Chinese?/frames/second5_frame164.jpg,2,-0.6559179,3.1423645,164,5,0.7231321334838867,0.2649049162864685,0.011962945573031902
/media/jahaziel/Datos/proyectos/Smarketing/dataset/YouTubeVideos/Ding_Doesn't_Know_Chinese?/frames/second5_frame171.jpg,2,-0.61826915,3.2236454,171,5,0.6966548562049866,0.29162511229515076,0.011720043607056141
/media/jahaziel/Datos/proyectos/Smarketing/dataset/YouTubeVideos/Ding_Doesn't_Know_Chinese?/frames/second5_frame179.jpg,2,-0.6117335,3.2083995,179,5,0.7310085296630859,0.25875937938690186,0.010232111439108849
/media/jahaziel/Datos/proyectos/Smarketing/dataset/YouTubeVideos/Ding_Doesn't_Know_Chinese?/frames/second60_frame1814.jpg,4,12.979654,7.34963,1814,60,0.6505277156829834,0.33959242701530457,0.009879889898002148
/media/jahaziel/Datos/proyectos/Smarketing/dataset/YouTubeVideos/Ding_Doesn't_Know_Chinese?/frames/second60_frame1821.jpg,4,12.975095,7.3324733,1821,60,0.6540396213531494,0.3355322480201721,0.010428136214613914
/media/jahaziel/Datos/proyectos/Smarketing/dataset/YouTubeVideos/Ding_Doesn't_Know_Chinese?/frames/second60_frame1829.jpg,4,12.912385,7.331579,1829,60,0.6546673774719238,0.3345927596092224,0.010739866644144058
/media/jahaziel/Datos/proyectos/Smarketing/dataset/YouTubeVideos/Ding_Doesn't_Know_Chinese?/frames/second61_frame1837.jpg,4,12.775097,7.2874503,1837,61,0.6484208106994629,0.3402279019355774,0.011351317167282104
/media/jahaziel/Datos/proyectos/Smarketing/dataset/YouTubeVideos/Ding_Doesn't_Know_Chinese?/frames/second61_frame1844.jpg,4,12.681525,7.250076,1844,61,0.6847708821296692,0.303315132856369,0.011913858354091644
/media/jahaziel/Datos/proyectos/Smarketing/dataset/YouTubeVideos/Ding_Doesn't_Know_Chinese?/frames/second61_frame1851.jpg,4,12.726422,7.2926626,1851,61,0.6840794086456299,0.3045349717140198,0.011385561898350716
/media/jahaziel/Datos/proyectos/Smarketing/dataset/YouTubeVideos/Ding_Doesn't_Know_Chinese?/frames/second61_frame1859.jpg,4,12.580553,7.293818,1859,61,0.6869056224822998,0.30148839950561523,0.011605972424149513
/media/jahaziel/Datos/proyectos/Smarketing/dataset/YouTubeVideos/Ding_Doesn't_Know_Chinese?/frames/second62_frame1867.jpg,4,12.462442,7.290879,1867,62,0.6864651441574097,0.3004491925239563,0.013085675425827503
/media/jahaziel/Datos/proyectos/Smarketing/dataset/YouTubeVideos/Ding_Doesn't_Know_Chinese?/frames/second62_frame1874.jpg,4,12.463026,7.3105187,1874,62,0.6737507581710815,0.314795583486557,0.011453685350716114
/media/jahaziel/Datos/proyectos/Smarketing/dataset/YouTubeVideos/Ding_Doesn't_Know_Chinese?/frames/second62_frame1881.jpg,4,12.431401,7.313135,1881,62,0.5407134890556335,0.44529062509536743,0.013995871879160404
/media/jahaziel/Datos/proyectos/Smarketing/dataset/YouTubeVideos/Ding_Doesn't_Know_Chinese?/frames/second62_frame1889.jpg,4,12.402534,7.2879825,1889,62,0.7378610968589783,0.24179726839065552,0.020341642200946808
/media/jahaziel/Datos/proyectos/Smarketing/dataset/YouTubeVideos/Ding_Doesn't_Know_Chinese?/frames/second63_frame1897.jpg,4,12.391012,7.274297,1897,63,0.8574867844581604,0.12655459344387054,0.015958677977323532
/media/jahaziel/Datos/proyectos/Smarketing/dataset/YouTubeVideos/Ding_Doesn't_Know_Chinese?/frames/second63_frame1904.jpg,4,12.314202,7.2364793,1904,63,0.7853443026542664,0.20330913364887238,0.011346583254635334
/media/jahaziel/Datos/proyectos/Smarketing/dataset/YouTubeVideos/Ding_Doesn't_Know_Chinese?/frames/second63_frame1911.jpg,4,12.377967,7.309215,1911,63,0.7030095458030701,0.2891750931739807,0.007815363816916943
/media/jahaziel/Datos/proyectos/Smarketing/dataset/YouTubeVideos/Ding_Doesn't_Know_Chinese?/frames/second63_frame1919.jpg,4,12.244591,7.2293067,1919,63,0.7957356572151184,0.19728738069534302,0.006976943463087082
/media/jahaziel/Datos/proyectos/Smarketing/dataset/YouTubeVideos/Ding_Doesn't_Know_Chinese?/frames/second64_frame1934.jpg,4,11.903133,7.142737,1934,64,0.7848952412605286,0.20737405121326447,0.007730692625045776
/media/jahaziel/Datos/proyectos/Smarketing/dataset/YouTubeVideos/Ding_Doesn't_Know_Chinese?/frames/second64_frame1941.jpg,4,11.861172,7.13663,1941,64,0.8452847003936768,0.14820297062397003,0.0065122670494019985
/media/jahaziel/Datos/proyectos/Smarketing/dataset/YouTubeVideos/Ding_Doesn't_Know_Chinese?/frames/second64_frame1949.jpg,4,11.781439,7.14822,1949,64,0.8440387845039368,0.1472712904214859,0.008689888752996922
/media/jahaziel/Datos/proyectos/Smarketing/dataset/YouTubeVideos/Ding_Doesn't_Know_Chinese?/frames/second65_frame1957.jpg,4,11.772129,7.1239862,1957,65,0.8412055969238281,0.1500317007303238,0.00876275822520256
/media/jahaziel/Datos/proyectos/Smarketing/dataset/YouTubeVideos/Ding_Doesn't_Know_Chinese?/frames/second65_frame1964.jpg,4,11.674148,7.0526114,1964,65,0.8761014938354492,0.11293905973434448,0.010959459468722343
/media/jahaziel/Datos/proyectos/Smarketing/dataset/YouTubeVideos/Ding_Doesn't_Know_Chinese?/frames/second65_frame1971.jpg,4,11.649446,7.041188,1971,65,0.904141366481781,0.09133724123239517,0.004521407186985016
/media/jahaziel/Datos/proyectos/Smarketing/dataset/YouTubeVideos/Ding_Doesn't_Know_Chinese?/frames/second65_frame1979.jpg,4,11.618307,7.033613,1979,65,0.886231541633606,0.10938839614391327,0.004380027763545513
/media/jahaziel/Datos/proyectos/Smarketing/dataset/YouTubeVideos/Ding_Doesn't_Know_Chinese?/frames/second66_frame1987.jpg,4,11.552821,7.0044837,1987,66,0.8515889048576355,0.14343562722206116,0.004975432995706797
/media/jahaziel/Datos/proyectos/Smarketing/dataset/YouTubeVideos/Ding_Doesn't_Know_Chinese?/frames/second66_frame1994.jpg,4,11.449407,6.9415474,1994,66,0.8481888175010681,0.14651551842689514,0.005295649636536837
/media/jahaziel/Datos/proyectos/Smarketing/dataset/YouTubeVideos/Ding_Doesn't_Know_Chinese?/frames/second66_frame2001.jpg,4,11.350481,6.85664,2001,66,0.8401010632514954,0.1522296816110611,0.007669345010071993
/media/jahaziel/Datos/proyectos/Smarketing/dataset/YouTubeVideos/Ding_Doesn't_Know_Chinese?/frames/second66_frame2009.jpg,3,2.9322238,0.58005077,2009,66,0.8120512366294861,0.18101246654987335,0.006936342921108007
/media/jahaziel/Datos/proyectos/Smarketing/dataset/YouTubeVideos/Ding_Doesn't_Know_Chinese?/frames/second67_frame2017.jpg,-1,5.976667,-0.8432249,2017,67,0.8147066831588745,0.17619167268276215,0.009101676754653454
/media/jahaziel/Datos/proyectos/Smarketing/dataset/YouTubeVideos/Ding_Doesn't_Know_Chinese?/frames/second67_frame2024.jpg,5,10.205057,-3.430768,2024,67,0.8218280076980591,0.168370321393013,0.009801674634218216
/media/jahaziel/Datos/proyectos/Smarketing/dataset/YouTubeVideos/Ding_Doesn't_Know_Chinese?/frames/second67_frame2031.jpg,5,10.218038,-3.3795838,2031,67,0.8231036067008972,0.16553254425525665,0.01136389933526516
/media/jahaziel/Datos/proyectos/Smarketing/dataset/YouTubeVideos/Ding_Doesn't_Know_Chinese?/frames/second67_frame2039.jpg,5,10.321665,-3.2977633,2039,67,0.7840232849121094,0.19095604121685028,0.025020670145750046
/media/jahaziel/Datos/proyectos/Smarketing/dataset/YouTubeVideos/Ding_Doesn't_Know_Chinese?/frames/second68_frame2047.jpg,5,10.323566,-3.3181493,2047,68,0.8399872183799744,0.14367526769638062,0.016337458044290543
/media/jahaziel/Datos/proyectos/Smarketing/dataset/YouTubeVideos/Ding_Doesn't_Know_Chinese?/frames/second68_frame2054.jpg,5,10.337018,-3.276933,2054,68,0.8668473958969116,0.1105816587805748,0.022570867091417313
/media/jahaziel/Datos/proyectos/Smarketing/dataset/YouTubeVideos/Ding_Doesn't_Know_Chinese?/frames/second68_frame2061.jpg,5,10.280175,-3.3537757,2061,68,0.8363763689994812,0.14664052426815033,0.016983196139335632
/media/jahaziel/Datos/proyectos/Smarketing/dataset/YouTubeVideos/Ding_Doesn't_Know_Chinese?/frames/second68_frame2069.jpg,5,10.301315,-3.3297796,2069,68,0.880657434463501,0.10762656480073929,0.011716018430888653
/media/jahaziel/Datos/proyectos/Smarketing/dataset/YouTubeVideos/Ding_Doesn't_Know_Chinese?/frames/second69_frame2077.jpg,5,10.364942,-3.3040223,2077,69,0.7059996724128723,0.27151408791542053,0.022486254572868347
/media/jahaziel/Datos/proyectos/Smarketing/dataset/YouTubeVideos/Ding_Doesn't_Know_Chinese?/frames/second69_frame2084.jpg,5,10.387943,-3.2766879,2084,69,0.5243241190910339,0.4514898657798767,0.02418605051934719
/media/jahaziel/Datos/proyectos/Smarketing/dataset/YouTubeVideos/Ding_Doesn't_Know_Chinese?/frames/second69_frame2091.jpg,5,10.485716,-3.193406,2091,69,0.5502192974090576,0.42819011211395264,0.021590616554021835
/media/jahaziel/Datos/proyectos/Smarketing/dataset/YouTubeVideos/Ding_Doesn't_Know_Chinese?/frames/second69_frame2099.jpg,5,10.40971,-3.2578511,2099,69,0.5371238589286804,0.44267547130584717,0.020200690254569054
/media/jahaziel/Datos/proyectos/Smarketing/dataset/YouTubeVideos/Ding_Doesn't_Know_Chinese?/frames/second73_frame2204.jpg,5,10.266685,-5.75493,2204,73,0.5457066297531128,0.4397430717945099,0.014550358057022095
/media/jahaziel/Datos/proyectos/Smarketing/dataset/YouTubeVideos/Ding_Doesn't_Know_Chinese?/frames/second73_frame2211.jpg,5,10.380717,-5.5080314,2211,73,0.6944250464439392,0.28881871700286865,0.016756204888224602
/media/jahaziel/Datos/proyectos/Smarketing/dataset/YouTubeVideos/Ding_Doesn't_Know_Chinese?/frames/second73_frame2219.jpg,5,10.397583,-5.757505,2219,73,0.5999950170516968,0.376924604177475,0.023080382496118546
/media/jahaziel/Datos/proyectos/Smarketing/dataset/YouTubeVideos/Ding_Doesn't_Know_Chinese?/frames/second74_frame2227.jpg,5,10.365272,-5.633137,2227,74,0.5891534090042114,0.3939494788646698,0.016897106543183327
/media/jahaziel/Datos/proyectos/Smarketing/dataset/YouTubeVideos/Ding_Doesn't_Know_Chinese?/frames/second74_frame2234.jpg,5,10.344489,-5.6896358,2234,74,0.5958719253540039,0.3899328410625458,0.014195230789482594
/media/jahaziel/Datos/proyectos/Smarketing/dataset/YouTubeVideos/Ding_Doesn't_Know_Chinese?/frames/second74_frame2241.jpg,5,10.322198,-5.8185453,2241,74,0.5350224375724792,0.45608657598495483,0.008891001343727112
/media/jahaziel/Datos/proyectos/Smarketing/dataset/YouTubeVideos/Ding_Doesn't_Know_Chinese?/frames/second74_frame2249.jpg,5,10.383078,-5.697648,2249,74,0.5003251433372498,0.4899260401725769,0.009748798795044422
/media/jahaziel/Datos/proyectos/Smarketing/dataset/YouTubeVideos/Ding_Doesn't_Know_Chinese?/frames/second75_frame2257.jpg,5,10.027478,-5.7686343,2257,75,0.6033104658126831,0.3882381021976471,0.008451440371572971
/media/jahaziel/Datos/proyectos/Smarketing/dataset/YouTubeVideos/Ding_Doesn't_Know_Chinese?/frames/second75_frame2264.jpg,5,10.016621,-5.805372,2264,75,0.6233973503112793,0.36659103631973267,0.010011623613536358
/media/jahaziel/Datos/proyectos/Smarketing/dataset/YouTubeVideos/Ding_Doesn't_Know_Chinese?/frames/second75_frame2271.jpg,5,10.000162,-5.659348,2271,75,0.672166109085083,0.31623896956443787,0.011594964191317558
/media/jahaziel/Datos/proyectos/Smarketing/dataset/YouTubeVideos/Ding_Doesn't_Know_Chinese?/frames/second75_frame2279.jpg,5,10.08341,-5.680699,2279,75,0.6243222951889038,0.362517386674881,0.013160291127860546
/media/jahaziel/Datos/proyectos/Smarketing/dataset/YouTubeVideos/Ding_Doesn't_Know_Chinese?/frames/second76_frame2287.jpg,5,10.227017,-5.7895308,2287,76,0.5999038815498352,0.384909987449646,0.015186088159680367
/media/jahaziel/Datos/proyectos/Smarketing/dataset/YouTubeVideos/Ding_Doesn't_Know_Chinese?/frames/second76_frame2294.jpg,5,10.081582,-5.892122,2294,76,0.7165225148200989,0.2679007053375244,0.015576747246086597
/media/jahaziel/Datos/proyectos/Smarketing/dataset/YouTubeVideos/Ding_Doesn't_Know_Chinese?/frames/second76_frame2301.jpg,5,10.071118,-5.7748275,2301,76,0.7242676019668579,0.26100826263427734,0.014724180102348328
/media/jahaziel/Datos/proyectos/Smarketing/dataset/YouTubeVideos/Ding_Doesn't_Know_Chinese?/frames/second76_frame2309.jpg,5,10.009969,-5.9980574,2309,76,0.7662131190299988,0.22199493646621704,0.011791832745075226
/media/jahaziel/Datos/proyectos/Smarketing/dataset/YouTubeVideos/Ding_Doesn't_Know_Chinese?/frames/second77_frame2324.jpg,5,9.923196,-5.56162,2324,77,0.6448585987091064,0.3381936252117157,0.01694776676595211
/media/jahaziel/Datos/proyectos/Smarketing/dataset/YouTubeVideos/Ding_Doesn't_Know_Chinese?/frames/second77_frame2331.jpg,5,9.833334,-5.666975,2331,77,0.5966610312461853,0.3835923671722412,0.019746538251638412
/media/jahaziel/Datos/proyectos/Smarketing/dataset/YouTubeVideos/Ding_Doesn't_Know_Chinese?/frames/second77_frame2339.jpg,5,9.793335,-5.656697,2339,77,0.6202384829521179,0.3588220775127411,0.020939476788043976
/media/jahaziel/Datos/proyectos/Smarketing/dataset/YouTubeVideos/Ding_Doesn't_Know_Chinese?/frames/second78_frame2347.jpg,5,10.011837,-5.940897,2347,78,0.6117470860481262,0.37173616886138916,0.01651674509048462
/media/jahaziel/Datos/proyectos/Smarketing/dataset/YouTubeVideos/Ding_Doesn't_Know_Chinese?/frames/second78_frame2354.jpg,5,9.914722,-5.9571996,2354,78,0.6309146881103516,0.3522180914878845,0.016867205500602722
/media/jahaziel/Datos/proyectos/Smarketing/dataset/YouTubeVideos/Ding_Doesn't_Know_Chinese?/frames/second78_frame2361.jpg,5,9.833171,-5.9661098,2361,78,0.6468823552131653,0.33391761779785156,0.019200041890144348
/media/jahaziel/Datos/proyectos/Smarketing/dataset/YouTubeVideos/Ding_Doesn't_Know_Chinese?/frames/second78_frame2369.jpg,5,9.933757,-6.0230546,2369,78,0.5981717109680176,0.37999486923217773,0.02183341421186924
/media/jahaziel/Datos/proyectos/Smarketing/dataset/YouTubeVideos/Ding_Doesn't_Know_Chinese?/frames/second79_frame2377.jpg,5,9.8184805,-5.827884,2377,79,0.713433563709259,0.26567187905311584,0.02089453861117363
/media/jahaziel/Datos/proyectos/Smarketing/dataset/YouTubeVideos/Ding_Doesn't_Know_Chinese?/frames/second79_frame2384.jpg,5,9.811984,-5.9363885,2384,79,0.7191946506500244,0.26236629486083984,0.018439073115587234
/media/jahaziel/Datos/proyectos/Smarketing/dataset/YouTubeVideos/Ding_Doesn't_Know_Chinese?/frames/second79_frame2391.jpg,5,9.83583,-5.9407663,2391,79,0.7662496566772461,0.2156924605369568,0.018057864159345627
/media/jahaziel/Datos/proyectos/Smarketing/dataset/YouTubeVideos/Ding_Doesn't_Know_Chinese?/frames/second79_frame2399.jpg,5,9.905666,-6.020229,2399,79,0.7708149552345276,0.21292617917060852,0.01625891961157322
/media/jahaziel/Datos/proyectos/Smarketing/dataset/YouTubeVideos/Ding_Doesn't_Know_Chinese?/frames/second7_frame217.jpg,2,-0.54246527,3.5223494,217,7,0.738328754901886,0.25250551104545593,0.009165709838271141
/media/jahaziel/Datos/proyectos/Smarketing/dataset/YouTubeVideos/Ding_Doesn't_Know_Chinese?/frames/second7_frame224.jpg,2,-0.5792382,3.4761813,224,7,0.7597848176956177,0.23180969059467316,0.008405440486967564
/media/jahaziel/Datos/proyectos/Smarketing/dataset/YouTubeVideos/Ding_Doesn't_Know_Chinese?/frames/second7_frame231.jpg,2,-0.58099926,3.469729,231,7,0.7518628835678101,0.23980934917926788,0.00832778587937355
/media/jahaziel/Datos/proyectos/Smarketing/dataset/YouTubeVideos/Ding_Doesn't_Know_Chinese?/frames/second7_frame239.jpg,2,-0.4946535,3.567189,239,7,0.7403762340545654,0.2515757381916046,0.008048021234571934
/media/jahaziel/Datos/proyectos/Smarketing/dataset/YouTubeVideos/Ding_Doesn't_Know_Chinese?/frames/second80_frame2414.jpg,5,11.328033,-1.4989846,2414,80,0.7503194808959961,0.23410572111606598,0.01557479053735733
/media/jahaziel/Datos/proyectos/Smarketing/dataset/YouTubeVideos/Ding_Doesn't_Know_Chinese?/frames/second80_frame2421.jpg,5,11.196704,-1.5861647,2421,80,0.7458617091178894,0.23885232210159302,0.015286073088645935
/media/jahaziel/Datos/proyectos/Smarketing/dataset/YouTubeVideos/Ding_Doesn't_Know_Chinese?/frames/second80_frame2429.jpg,5,11.224638,-1.582713,2429,80,0.7323039174079895,0.2512536346912384,0.016442475840449333
/media/jahaziel/Datos/proyectos/Smarketing/dataset/YouTubeVideos/Ding_Doesn't_Know_Chinese?/frames/second81_frame2437.jpg,5,11.612231,-1.318953,2437,81,0.7487310171127319,0.23515960574150085,0.01610935479402542
/media/jahaziel/Datos/proyectos/Smarketing/dataset/YouTubeVideos/Ding_Doesn't_Know_Chinese?/frames/second81_frame2444.jpg,5,11.582256,-1.3306258,2444,81,0.7727183699607849,0.21072426438331604,0.016557415947318077
/media/jahaziel/Datos/proyectos/Smarketing/dataset/YouTubeVideos/Ding_Doesn't_Know_Chinese?/frames/second81_frame2451.jpg,5,11.5845,-1.3340998,2451,81,0.7498597502708435,0.23434503376483917,0.015795264393091202
/media/jahaziel/Datos/proyectos/Smarketing/dataset/YouTubeVideos/Ding_Doesn't_Know_Chinese?/frames/second81_frame2459.jpg,5,11.593641,-1.3307629,2459,81,0.7638537883758545,0.22072245180606842,0.01542375236749649
/media/jahaziel/Datos/proyectos/Smarketing/dataset/YouTubeVideos/Ding_Doesn't_Know_Chinese?/frames/second82_frame2467.jpg,5,10.679997,-2.4566102,2467,82,0.7704837322235107,0.21353405714035034,0.015982158482074738
/media/jahaziel/Datos/proyectos/Smarketing/dataset/YouTubeVideos/Ding_Doesn't_Know_Chinese?/frames/second82_frame2474.jpg,5,10.491076,-2.6457355,2474,82,0.7372790575027466,0.24505160748958588,0.017669325694441795
/media/jahaziel/Datos/proyectos/Smarketing/dataset/YouTubeVideos/Ding_Doesn't_Know_Chinese?/frames/second82_frame2481.jpg,5,10.503815,-2.544773,2481,82,0.7201572060585022,0.2625155746936798,0.017327234148979187
/media/jahaziel/Datos/proyectos/Smarketing/dataset/YouTubeVideos/Ding_Doesn't_Know_Chinese?/frames/second82_frame2489.jpg,5,10.572484,-2.6171863,2489,82,0.7659005522727966,0.2194986492395401,0.01460079662501812
/media/jahaziel/Datos/proyectos/Smarketing/dataset/YouTubeVideos/Ding_Doesn't_Know_Chinese?/frames/second83_frame2497.jpg,5,10.527784,-2.5619726,2497,83,0.7817659378051758,0.20400741696357727,0.01422666572034359
/media/jahaziel/Datos/proyectos/Smarketing/dataset/YouTubeVideos/Ding_Doesn't_Know_Chinese?/frames/second83_frame2504.jpg,5,10.403717,-1.8766451,2504,83,0.8094398975372314,0.17824804782867432,0.012311999686062336
/media/jahaziel/Datos/proyectos/Smarketing/dataset/YouTubeVideos/Ding_Doesn't_Know_Chinese?/frames/second83_frame2511.jpg,5,10.449337,-2.4445832,2511,83,0.7658782005310059,0.21988695859909058,0.014234840869903564
/media/jahaziel/Datos/proyectos/Smarketing/dataset/YouTubeVideos/Ding_Doesn't_Know_Chinese?/frames/second83_frame2519.jpg,5,10.546117,-2.4991398,2519,83,0.804744303226471,0.18376518785953522,0.011490494944155216
/media/jahaziel/Datos/proyectos/Smarketing/dataset/YouTubeVideos/Ding_Doesn't_Know_Chinese?/frames/second84_frame2534.jpg,5,10.287381,-2.398751,2534,84,0.8215177655220032,0.16649289429187775,0.011989351361989975
/media/jahaziel/Datos/proyectos/Smarketing/dataset/YouTubeVideos/Ding_Doesn't_Know_Chinese?/frames/second84_frame2541.jpg,5,10.397042,-2.385522,2541,84,0.7739502787590027,0.2120739072561264,0.01397578977048397
/media/jahaziel/Datos/proyectos/Smarketing/dataset/YouTubeVideos/Ding_Doesn't_Know_Chinese?/frames/second84_frame2549.jpg,5,10.410097,-2.4738278,2549,84,0.8188319802284241,0.17057617008686066,0.010591793805360794
/media/jahaziel/Datos/proyectos/Smarketing/dataset/YouTubeVideos/Ding_Doesn't_Know_Chinese?/frames/second85_frame2557.jpg,5,10.603653,-2.0463154,2557,85,0.8178288340568542,0.17134778201580048,0.01082334853708744
/media/jahaziel/Datos/proyectos/Smarketing/dataset/YouTubeVideos/Ding_Doesn't_Know_Chinese?/frames/second85_frame2564.jpg,5,10.595827,-2.033654,2564,85,0.7937661409378052,0.19575345516204834,0.01048040110617876
/media/jahaziel/Datos/proyectos/Smarketing/dataset/YouTubeVideos/Ding_Doesn't_Know_Chinese?/frames/second85_frame2571.jpg,5,10.721557,-1.9534583,2571,85,0.806155264377594,0.1833532601594925,0.010491498745977879
/media/jahaziel/Datos/proyectos/Smarketing/dataset/YouTubeVideos/Ding_Doesn't_Know_Chinese?/frames/second85_frame2579.jpg,5,10.641625,-2.0013416,2579,85,0.8313066363334656,0.15868216753005981,0.010011237114667892
/media/jahaziel/Datos/proyectos/Smarketing/dataset/YouTubeVideos/Ding_Doesn't_Know_Chinese?/frames/second86_frame2587.jpg,5,10.319896,-2.168368,2587,86,0.7933231592178345,0.19422540068626404,0.012451371178030968
/media/jahaziel/Datos/proyectos/Smarketing/dataset/YouTubeVideos/Ding_Doesn't_Know_Chinese?/frames/second86_frame2594.jpg,5,10.390287,-2.1849744,2594,86,0.8015141487121582,0.1849411427974701,0.013544700108468533
/media/jahaziel/Datos/proyectos/Smarketing/dataset/YouTubeVideos/Ding_Doesn't_Know_Chinese?/frames/second86_frame2601.jpg,5,10.3830805,-1.842291,2601,86,0.7945749759674072,0.19171293079853058,0.013712026178836823
/media/jahaziel/Datos/proyectos/Smarketing/dataset/YouTubeVideos/Ding_Doesn't_Know_Chinese?/frames/second86_frame2609.jpg,5,10.369951,-1.8634347,2609,86,0.8414873480796814,0.14727289974689484,0.01123973447829485
/media/jahaziel/Datos/proyectos/Smarketing/dataset/YouTubeVideos/Ding_Doesn't_Know_Chinese?/frames/second87_frame2617.jpg,5,10.909396,-2.0434802,2617,87,0.8460572957992554,0.1428002268075943,0.011142497882246971
/media/jahaziel/Datos/proyectos/Smarketing/dataset/YouTubeVideos/Ding_Doesn't_Know_Chinese?/frames/second87_frame2624.jpg,5,10.89523,-1.9435748,2624,87,0.834700345993042,0.15311188995838165,0.012187712825834751
/media/jahaziel/Datos/proyectos/Smarketing/dataset/YouTubeVideos/Ding_Doesn't_Know_Chinese?/frames/second87_frame2631.jpg,5,10.81238,-1.998096,2631,87,0.8151258230209351,0.17277216911315918,0.012102038599550724
/media/jahaziel/Datos/proyectos/Smarketing/dataset/YouTubeVideos/Ding_Doesn't_Know_Chinese?/frames/second87_frame2639.jpg,5,10.844897,-2.0220008,2639,87,0.8116254210472107,0.17489935457706451,0.013475244864821434
/media/jahaziel/Datos/proyectos/Smarketing/dataset/YouTubeVideos/Ding_Doesn't_Know_Chinese?/frames/second88_frame2654.jpg,5,10.410247,-2.0466383,2654,88,0.8525206446647644,0.13592296838760376,0.011556348763406277
/media/jahaziel/Datos/proyectos/Smarketing/dataset/YouTubeVideos/Ding_Doesn't_Know_Chinese?/frames/second88_frame2661.jpg,5,10.520111,-1.9502543,2661,88,0.856009304523468,0.1328277736902237,0.011162964627146721
/media/jahaziel/Datos/proyectos/Smarketing/dataset/YouTubeVideos/Ding_Doesn't_Know_Chinese?/frames/second88_frame2669.jpg,5,10.409608,-2.0894976,2669,88,0.828986644744873,0.15869329869747162,0.012320088222622871
/media/jahaziel/Datos/proyectos/Smarketing/dataset/YouTubeVideos/Ding_Doesn't_Know_Chinese?/frames/second89_frame2677.jpg,5,10.681446,-1.9431272,2677,89,0.8375996947288513,0.15101207792758942,0.011388247832655907
/media/jahaziel/Datos/proyectos/Smarketing/dataset/YouTubeVideos/Ding_Doesn't_Know_Chinese?/frames/second89_frame2684.jpg,5,10.569483,-2.0232594,2684,89,0.818260669708252,0.1698816865682602,0.011857611127197742
/media/jahaziel/Datos/proyectos/Smarketing/dataset/YouTubeVideos/Ding_Doesn't_Know_Chinese?/frames/second89_frame2691.jpg,5,10.399986,-2.1606343,2691,89,0.799006998538971,0.18750253319740295,0.0134904645383358
/media/jahaziel/Datos/proyectos/Smarketing/dataset/YouTubeVideos/Ding_Doesn't_Know_Chinese?/frames/second89_frame2699.jpg,5,10.279247,-2.2723496,2699,89,0.8080404996871948,0.1758004128932953,0.016159076243638992
/media/jahaziel/Datos/proyectos/Smarketing/dataset/YouTubeVideos/Ding_Doesn't_Know_Chinese?/frames/second8_frame247.jpg,2,-0.5038276,3.5832098,247,8,0.7149848341941833,0.2760210931301117,0.008994067087769508
/media/jahaziel/Datos/proyectos/Smarketing/dataset/YouTubeVideos/Ding_Doesn't_Know_Chinese?/frames/second8_frame254.jpg,2,-0.53944343,3.5487826,254,8,0.7284924983978271,0.2628183960914612,0.00868907105177641
/media/jahaziel/Datos/proyectos/Smarketing/dataset/YouTubeVideos/Ding_Doesn't_Know_Chinese?/frames/second8_frame261.jpg,2,-0.49960414,3.5563164,261,8,0.7274181842803955,0.2635650038719177,0.009016926400363445
/media/jahaziel/Datos/proyectos/Smarketing/dataset/YouTubeVideos/Ding_Doesn't_Know_Chinese?/frames/second8_frame269.jpg,2,-0.4666973,3.6478252,269,8,0.7721673250198364,0.2209348827600479,0.006897801999002695
/media/jahaziel/Datos/proyectos/Smarketing/dataset/YouTubeVideos/Ding_Doesn't_Know_Chinese?/frames/second90_frame2707.jpg,5,12.125603,-1.244106,2707,90,0.8101931810379028,0.17393328249454498,0.015873510390520096
/media/jahaziel/Datos/proyectos/Smarketing/dataset/YouTubeVideos/Ding_Doesn't_Know_Chinese?/frames/second90_frame2714.jpg,5,12.085798,-1.2888921,2714,90,0.8012351393699646,0.1805596649646759,0.01820521056652069
/media/jahaziel/Datos/proyectos/Smarketing/dataset/YouTubeVideos/Ding_Doesn't_Know_Chinese?/frames/second90_frame2721.jpg,5,12.279784,-1.1586742,2721,90,0.8009116053581238,0.1818055510520935,0.01728280447423458
/media/jahaziel/Datos/proyectos/Smarketing/dataset/YouTubeVideos/Ding_Doesn't_Know_Chinese?/frames/second90_frame2729.jpg,5,12.197634,-1.1934668,2729,90,0.8118777871131897,0.17172075808048248,0.01640142872929573
/media/jahaziel/Datos/proyectos/Smarketing/dataset/YouTubeVideos/Ding_Doesn't_Know_Chinese?/frames/second91_frame2744.jpg,5,11.790537,-1.2406279,2744,91,0.822646975517273,0.15857864916324615,0.018774325028061867
/media/jahaziel/Datos/proyectos/Smarketing/dataset/YouTubeVideos/Ding_Doesn't_Know_Chinese?/frames/second91_frame2751.jpg,5,11.816708,-1.2283732,2751,91,0.7804596424102783,0.19793498516082764,0.02160537801682949
/media/jahaziel/Datos/proyectos/Smarketing/dataset/YouTubeVideos/Ding_Doesn't_Know_Chinese?/frames/second91_frame2759.jpg,5,11.828574,-1.231876,2759,91,0.8170545101165771,0.16441133618354797,0.01853414997458458
/media/jahaziel/Datos/proyectos/Smarketing/dataset/YouTubeVideos/Ding_Doesn't_Know_Chinese?/frames/second92_frame2767.jpg,5,12.429267,-1.0416758,2767,92,0.8251876831054688,0.15721701085567474,0.017595374956727028
/media/jahaziel/Datos/proyectos/Smarketing/dataset/YouTubeVideos/Ding_Doesn't_Know_Chinese?/frames/second92_frame2774.jpg,5,12.488606,-0.9823126,2774,92,0.8399802446365356,0.14434951543807983,0.01567026786506176
/media/jahaziel/Datos/proyectos/Smarketing/dataset/YouTubeVideos/Ding_Doesn't_Know_Chinese?/frames/second92_frame2781.jpg,5,12.530849,-1.0223808,2781,92,0.8400745391845703,0.14474427700042725,0.01518116146326065
/media/jahaziel/Datos/proyectos/Smarketing/dataset/YouTubeVideos/Ding_Doesn't_Know_Chinese?/frames/second92_frame2789.jpg,5,12.563206,-1.0345818,2789,92,0.841345489025116,0.14406496286392212,0.014589575119316578
/media/jahaziel/Datos/proyectos/Smarketing/dataset/YouTubeVideos/Ding_Doesn't_Know_Chinese?/frames/second93_frame2797.jpg,5,12.568598,-1.0322188,2797,93,0.8474432826042175,0.1384899616241455,0.014066782779991627
/media/jahaziel/Datos/proyectos/Smarketing/dataset/YouTubeVideos/Ding_Doesn't_Know_Chinese?/frames/second93_frame2804.jpg,5,13.228998,-0.85934216,2804,93,0.8364810347557068,0.14889739453792572,0.014621581882238388
/media/jahaziel/Datos/proyectos/Smarketing/dataset/YouTubeVideos/Ding_Doesn't_Know_Chinese?/frames/second93_frame2811.jpg,5,12.733083,-0.92950743,2811,93,0.8360692262649536,0.14895586669445038,0.014974941499531269
/media/jahaziel/Datos/proyectos/Smarketing/dataset/YouTubeVideos/Ding_Doesn't_Know_Chinese?/frames/second93_frame2819.jpg,5,12.604708,-1.0078114,2819,93,0.8434795141220093,0.14031283557415009,0.01620766893029213
/media/jahaziel/Datos/proyectos/Smarketing/dataset/YouTubeVideos/Ding_Doesn't_Know_Chinese?/frames/second94_frame2827.jpg,5,12.785923,-0.97077227,2827,94,0.8406589031219482,0.1432000696659088,0.016141057014465332
/media/jahaziel/Datos/proyectos/Smarketing/dataset/YouTubeVideos/Ding_Doesn't_Know_Chinese?/frames/second94_frame2834.jpg,5,12.827182,-0.9779069,2834,94,0.8419791460037231,0.1413598209619522,0.016660982742905617
/media/jahaziel/Datos/proyectos/Smarketing/dataset/YouTubeVideos/Ding_Doesn't_Know_Chinese?/frames/second94_frame2841.jpg,5,12.810921,-0.995879,2841,94,0.8334404230117798,0.14965011179447174,0.016909446567296982
/media/jahaziel/Datos/proyectos/Smarketing/dataset/YouTubeVideos/Ding_Doesn't_Know_Chinese?/frames/second94_frame2849.jpg,5,12.873793,-0.96615237,2849,94,0.8381462097167969,0.14561685919761658,0.016236981377005577
/media/jahaziel/Datos/proyectos/Smarketing/dataset/YouTubeVideos/Ding_Doesn't_Know_Chinese?/frames/second95_frame2864.jpg,5,13.331364,-1.0978065,2864,95,0.8526073694229126,0.13245442509651184,0.014938130043447018
/media/jahaziel/Datos/proyectos/Smarketing/dataset/YouTubeVideos/Ding_Doesn't_Know_Chinese?/frames/second95_frame2871.jpg,5,13.256503,-1.1352369,2871,95,0.7791080474853516,0.1970122754573822,0.023879706859588623
/media/jahaziel/Datos/proyectos/Smarketing/dataset/YouTubeVideos/Ding_Doesn't_Know_Chinese?/frames/second95_frame2879.jpg,5,13.280696,-1.1392044,2879,95,0.8118219375610352,0.1705537885427475,0.017624277621507645
/media/jahaziel/Datos/proyectos/Smarketing/dataset/YouTubeVideos/Ding_Doesn't_Know_Chinese?/frames/second96_frame2887.jpg,5,13.474062,-1.0265625,2887,96,0.7801321148872375,0.2000589221715927,0.01980900764465332
/media/jahaziel/Datos/proyectos/Smarketing/dataset/YouTubeVideos/Ding_Doesn't_Know_Chinese?/frames/second96_frame2894.jpg,5,13.507979,-1.0302649,2894,96,0.7136275768280029,0.26418253779411316,0.02218993939459324
/media/jahaziel/Datos/proyectos/Smarketing/dataset/YouTubeVideos/Ding_Doesn't_Know_Chinese?/frames/second96_frame2901.jpg,5,13.490227,-0.9567693,2901,96,0.7446496486663818,0.2324545979499817,0.02289567142724991
/media/jahaziel/Datos/proyectos/Smarketing/dataset/YouTubeVideos/Ding_Doesn't_Know_Chinese?/frames/second96_frame2909.jpg,5,13.418303,-0.857115,2909,96,0.7498673796653748,0.22940437495708466,0.02072826959192753
/media/jahaziel/Datos/proyectos/Smarketing/dataset/YouTubeVideos/Ding_Doesn't_Know_Chinese?/frames/second97_frame2917.jpg,5,12.98402,-1.008925,2917,97,0.7520933151245117,0.22921587526798248,0.01869085431098938
/media/jahaziel/Datos/proyectos/Smarketing/dataset/YouTubeVideos/Ding_Doesn't_Know_Chinese?/frames/second97_frame2924.jpg,5,13.133224,-1.0388298,2924,97,0.7306925058364868,0.17276795208454132,0.09653952717781067
/media/jahaziel/Datos/proyectos/Smarketing/dataset/YouTubeVideos/Ding_Doesn't_Know_Chinese?/frames/second97_frame2931.jpg,5,13.254377,-1.0833614,2931,97,0.7296046018600464,0.17312712967395782,0.09726826846599579
/media/jahaziel/Datos/proyectos/Smarketing/dataset/YouTubeVideos/Ding_Doesn't_Know_Chinese?/frames/second97_frame2939.jpg,5,13.203564,-1.0579242,2939,97,0.7292684316635132,0.17329971492290497,0.09743183851242065
/media/jahaziel/Datos/proyectos/Smarketing/dataset/YouTubeVideos/Ding_Doesn't_Know_Chinese?/frames/second98_frame2947.jpg,5,13.465815,-1.0499623,2947,98,0.7293388843536377,0.17336240410804749,0.09729861468076706
/media/jahaziel/Datos/proyectos/Smarketing/dataset/YouTubeVideos/Ding_Doesn't_Know_Chinese?/frames/second98_frame2954.jpg,5,13.464505,-1.086886,2954,98,0.7298210859298706,0.17240005731582642,0.09777887910604477
/media/jahaziel/Datos/proyectos/Smarketing/dataset/YouTubeVideos/Ding_Doesn't_Know_Chinese?/frames/second98_frame2961.jpg,5,13.4248085,-1.0932226,2961,98,0.7298210859298706,0.17240005731582642,0.09777887910604477
/media/jahaziel/Datos/proyectos/Smarketing/dataset/YouTubeVideos/Ding_Doesn't_Know_Chinese?/frames/second98_frame2969.jpg,5,13.567813,-1.1603678,2969,98,0.7287949323654175,0.17333458364009857,0.09787045419216156
/media/jahaziel/Datos/proyectos/Smarketing/dataset/YouTubeVideos/Ding_Doesn't_Know_Chinese?/frames/second99_frame2977.jpg,5,13.436394,-1.2536534,2977,99,0.7287949323654175,0.17333458364009857,0.09787045419216156
/media/jahaziel/Datos/proyectos/Smarketing/dataset/YouTubeVideos/Ding_Doesn't_Know_Chinese?/frames/second99_frame2984.jpg,5,13.5378475,-1.1732914,2984,99,0.7287949323654175,0.17333458364009857,0.09787045419216156
/media/jahaziel/Datos/proyectos/Smarketing/dataset/YouTubeVideos/Ding_Doesn't_Know_Chinese?/frames/second99_frame2991.jpg,5,13.579492,-1.1814544,2991,99,0.7287949323654175,0.17333458364009857,0.09787045419216156
/media/jahaziel/Datos/proyectos/Smarketing/dataset/YouTubeVideos/Ding_Doesn't_Know_Chinese?/frames/second99_frame2999.jpg,5,13.594751,-1.1344241,2999,99,0.7287949323654175,0.17333458364009857,0.09787045419216156
/media/jahaziel/Datos/proyectos/Smarketing/dataset/YouTubeVideos/Ding_Doesn't_Know_Chinese?/frames/second9_frame277.jpg,2,-0.49422696,3.631806,277,9,0.8040256500244141,0.18663650751113892,0.009337816387414932
/media/jahaziel/Datos/proyectos/Smarketing/dataset/YouTubeVideos/Ding_Doesn't_Know_Chinese?/frames/second9_frame284.jpg,2,-0.44349056,3.6701314,284,9,0.782065212726593,0.21017707884311676,0.007757711689919233
/media/jahaziel/Datos/proyectos/Smarketing/dataset/YouTubeVideos/Ding_Doesn't_Know_Chinese?/frames/second9_frame291.jpg,2,-0.4145153,3.7055686,291,9,0.7407652735710144,0.25101277232170105,0.008222020231187344
/media/jahaziel/Datos/proyectos/Smarketing/dataset/YouTubeVideos/Ding_Doesn't_Know_Chinese?/frames/second9_frame299.jpg,2,-0.3980649,3.7288716,299,9,0.7630510926246643,0.22878241539001465,0.008166513405740261
